Workbook

Sheet Posts
A1: Post ID | B1: Platform | C1: Date | D1: Content Type | E1: Post Text | F1: Likes | G1: Shares | H1: Comments | I1: Impressions | J1: Reach | K1: Clicks | L1: Engagement | M1: Hashtags Used | N1: Hashtag 1 | O1: Hashtag 2 | P1: Hashtag 3 | Q1: Campaign_Name | R1: Engagement_Rate
A2: P001 | B2: Twitter | C2: 45649 | D2: Reel | E2: Check out our latest reel on twitter! | F2: 1461 | G2: 184 | H2: 344 | I2: 21915 | J2: 21675 | K2: 15 | L2: =SUM($F2:$H2) -> 1989 | M2: #LiveForNow,#AnytimeIsPepsiTime | N2: #LiveForNow | O2: #AnytimeIsPepsiTime | Q2: SummerSplash | R2: =SUM(F2:H2)/I2 -> 0.090759754
A3: P002 | B3: Twitter | C3: 45750 | D3: Text | E3: Check out our latest text on twitter! | F3: 4054 | G3: 389 | H3: 493 | I3: 64864 | J3: 64383 | K3: 117 | L3: =SUM($F3:$H3) -> 4936 | M3: #PepsiCoRefresh,#BetterWithPepsi | N3: #PepsiCoRefresh | O3: #BetterWithPepsi | Q3: FestiveRadiance | R3: =SUM(F3:H3)/I3 -> 0.076097681
A4: P003 | B4: YouTube | C4: 45789 | D4: Reel | E4: Check out our latest reel on youtube! | F4: 2795 | G4: 105 | H4: 49 | I4: 53105 | J4: 52307 | K4: 204 | L4: =SUM($F4:$H4) -> 2949 | M4: #PepsiCoRefresh | N4: #PepsiCoRefresh | Q4: NewYearRefresh | R4: =SUM(F4:H4)/I4 -> 0.055531494
A5: P004 | B5: Instagram | C5: 45516 | D5: Story | E5: Check out our latest story on instagram! | F5: 2404 | G5: 363 | H5: 138 | I5: 19232 | J5: 18636 | K5: 128 | L5: =SUM($F5:$H5) -> 2905 | M5: #ThirstyForMore | N5: #ThirstyForMore | Q5: DailyWellness | R5: =SUM(F5:H5)/I5 -> 0.15105033
A6: P005 | B6: YouTube | C6: 45469 | D6: Reel | E6: Check out our latest reel on youtube! | F6: 3557 | G6: 687 | H6: 424 | I6: 71140 | J6: 70701 | K6: 224 | L6: =SUM($F6:$H6) -> 4668 | M6: #ThirstyForMore,#PepsiCoRefresh | N6: #ThirstyForMore | O6: #PepsiCoRefresh | Q6: SummerSplash | R6: =SUM(F6:H6)/I6 -> 0.065617093
A7: P006 | B7: Facebook | C7: 45596 | D7: Carousel | E7: Check out our latest carousel on facebook! | F7: 2945 | G7: 930 | H7: 355 | I7: 23560 | J7: 23275 | K7: 256 | L7: =SUM($F7:$H7) -> 4230 | M7: #PepsiCoRefresh | N7: #PepsiCoRefresh | Q7: FestiveRadiance | R7: =SUM(F7:H7)/I7 -> 0.1795416
A8: P007 | B8: Twitter | C8: 45467 | D8: Carousel | E8: Check out our latest carousel on twitter! | F8: 3860 | G8: 201 | H8: 279 | I8: 61760 | J8: 61660 | K8: 235 | L8: =SUM($F8:$H8) -> 4340 | M8: #PepsiCoRefresh | N8: #PepsiCoRefresh | Q8: FestiveRadiance | R8: =SUM(F8:H8)/I8 -> 0.070272021
A9: P008 | B9: YouTube | C9: 45486 | D9: Image | E9: Check out our latest image on youtube! | F9: 3929 | G9: 262 | H9: 278 | I9: 43219 | J9: 42841 | K9: 39 | L9: =SUM($F9:$H9) -> 4469 | M9: #ThirstyForMore | N9: #ThirstyForMore | Q9: DailyWellness | R9: =SUM(F9:H9)/I9 -> 0.1034036
A10: P009 | B10: Facebook | C10: 45534 | D10: Text | E10: Check out our latest text on facebook! | F10: 3784 | G10: 808 | H10: 404 | I10: 56760 | J10: 56343 | K10: 131 | L10: =SUM($F10:$H10) -> 4996 | M10: #PepsiCoRefresh | N10: #PepsiCoRefresh | Q10: FestiveRadiance | R10: =SUM(F10:H10)/I10 -> 0.088019732
A11: P010 | B11: Facebook | C11: 45727 | D11: Image | E11: Check out our latest image on facebook! | F11: 4241 | G11: 902 | H11: 47 | I11: 72097 | J11: 71598 | K11: 167 | L11: =SUM($F11:$H11) -> 5190 | M11: #PepsiCoRefresh | N11: #PepsiCoRefresh | Q11: FestiveRadiance | R11: =SUM(F11:H11)/I11 -> 0.071986352
A12: P011 | B12: Instagram | C12: 45690 | D12: Story | E12: Check out our latest story on instagram! | F12: 1792 | G12: 614 | H12: 497 | I12: 25088 | J12: 24675 | K12: 65 | L12: =SUM($F12:$H12) -> 2903 | M12: #LiveForNow | N12: #LiveForNow | Q12: DailyWellness | R12: =SUM(F12:H12)/I12 -> 0.11571269
A13: P012 | B13: Facebook | C13: 45494 | D13: Reel | E13: Check out our latest reel on facebook! | F13: 1946 | G13: 686 | H13: 377 | I13: 23352 | J13: 22982 | K13: 213 | L13: =SUM($F13:$H13) -> 3009 | M13: #LiveForNow | N13: #LiveForNow | Q13: NewYearRefresh | R13: =SUM(F13:H13)/I13 -> 0.12885406
A14: P013 | B14: YouTube | C14: 45614 | D14: Carousel | E14: Check out our latest carousel on youtube! | F14: 1171 | G14: 286 | H14: 231 | I14: 22249 | J14: 21282 | K14: 114 | L14: =SUM($F14:$H14) -> 1688 | M14: #ThirstyForMore | N14: #ThirstyForMore | Q14: SummerSplash | R14: =SUM(F14:H14)/I14 -> 0.075868578
A15: P014 | B15: Facebook | C15: 45704 | D15: Story | E15: Check out our latest story on facebook! | F15: 4242 | G15: 555 | H15: 131 | I15: 33936 | J15: 33802 | K15: 265 | L15: =SUM($F15:$H15) -> 4928 | M15: #LiveForNow | N15: #LiveForNow | Q15: Unassigned | R15: =SUM(F15:H15)/I15 -> 0.14521452
A16: P015 | B16: Facebook | C16: 45589 | D16: Video | E16: Check out our latest video on facebook! | F16: 3888 | G16: 604 | H16: 128 | I16: 77760 | J16: 77167 | K16: 20 | L16: =SUM($F16:$H16) -> 4620 | M16: #LiveForNow | N16: #LiveForNow | Q16: SummerSplash | R16: =SUM(F16:H16)/I16 -> 0.05941358
A17: P016 | B17: Facebook | C17: 45530 | D17: Text | E17: Check out our latest text on facebook! | F17: 3452 | G17: 377 | H17: 360 | I17: 55232 | J17: 55075 | K17: 87 | L17: =SUM($F17:$H17) -> 4189 | M17: #LiveForNow | N17: #LiveForNow | Q17: NewYearRefresh | R17: =SUM(F17:H17)/I17 -> 0.075843714
A18: P017 | B18: Facebook | C18: 45782 | D18: Text | E18: Check out our latest text on facebook! | F18: 4441 | G18: 511 | H18: 70 | I18: 53292 | J18: 53082 | K18: 159 | L18: =SUM($F18:$H18) -> 5022 | M18: #ThirstyForMore | N18: #ThirstyForMore | Q18: DailyWellness | R18: =SUM(F18:H18)/I18 -> 0.094235533
... A23: P022 | B23: Facebook | C23: 45715 | D23: Text | E23: Check out our latest text on facebook! | F23: 1570 | G23: 187 | H23: 260 | I23: 25120 | J23: 24613 | K23: 133 | L23: =SUM($F23:$H23) -> 2017 | M23: #PepsiCoRefresh | N23: #PepsiCoRefresh | Q23: DailyWellness | R23: =SUM(F23:H23)/I23 -> 0.080294586
A24: P023 | B24: Facebook | C24: 45602 | D24: Video | E24: Check out our latest video on facebook! | F24: 1606 | G24: 547 | H24: 316 | I24: 32120 | J24: 31736 | K24: 225 | L24: =SUM($F24:$H24) -> 2469 | M24: #PepsiCoRefresh,#AnytimeIsPepsiTime | N24: #PepsiCoRefresh | O24: #AnytimeIsPepsiTime | Q24: FestiveRadiance | R24: =SUM(F24:H24)/I24 -> 0.076867995
A25: P024 | B25: Facebook | C25: 45680 | D25: Video | E25: Check out our latest video on facebook! | F25: 3961 | G25: 761 | H25: 131 | I25: 67337 | J25: 66615 | K25: 161 | L25: =SUM($F25:$H25) -> 4853 | M25: #LiveForNow | N25: #LiveForNow | Q25: NewYearRefresh | R25: =SUM(F25:H25)/I25 -> 0.072070333
A26: P025 | B26: Twitter | C26: 45757 | D26: Carousel | E26: Check out our latest carousel on twitter! | F26: 3128 | G26: 211 | H26: 197 | I26: 59432 | J26: 59182 | K26: 238 | L26: =SUM($F26:$H26) -> 3536 | M26: #ThirstyForMore | N26: #ThirstyForMore | Q26: Unassigned | R26: =SUM(F26:H26)/I26 -> 0.059496568
A27: P026 | B27: YouTube | C27: 45752 | D27: Reel | E27: Check out our latest reel on youtube! | F27: 3009 | G27: 413 | H27: 358 | I27: 42126 | J27: 41309 | K27: 211 | L27: =SUM($F27:$H27) -> 3780 | M27: #LiveForNow | N27: #LiveForNow | Q27: FestiveRadiance | R27: =SUM(F27:H27)/I27 -> 0.089730808
A28: P027 | B28: YouTube | C28: 45552 | D28: Text | E28: Check out our latest text on youtube! | F28: 2076 | G28: 195 | H28: 104 | I28: 33216 | J28: 32244 | K28: 51 | L28: =SUM($F28:$H28) -> 2375 | M28: #LiveForNow | N28: #LiveForNow | Q28: DailyWellness | R28: =SUM(F28:H28)/I28 -> 0.071501686
A29: P028 | B29: Instagram | C29: 45720 | D29: Video | E29: Check out our latest video on instagram! | F29: 432 | G29: 624 | H29: 123 | I29: 6912 | J29: 6259 | K29: 79 | L29: =SUM($F29:$H29) -> 1179 | M29: #LiveForNow | N29: #LiveForNow | Q29: DailyWellness | R29: =SUM(F29:H29)/I29 -> 0.17057292
A30: P029 | B30: Instagram | C30: 45688 | D30: Carousel | E30: Check out our latest carousel on instagram! | F30: 2566 | G30: 118 | H30: 37 | I30: 12830 | J30: 12264 | K30: 221 | L30: =SUM($F30:$H30) -> 2721 | M30: #LiveForNow | N30: #LiveForNow | Q30: NewYearRefresh | R30: =SUM(F30:H30)/I30 -> 0.21208106
A31: P030 | B31: Instagram | C31: 45713 | D31: Video | E31: Check out our latest video on instagram! | F31: 3095 | G31: 39 | H31: 78 | I31: 55710 | J31: 54808 | K31: 93 | L31: =SUM($F31:$H31) -> 3212 | M31: #ThirstyForMore | N31: #ThirstyForMore | Q31: Unassigned | R31: =SUM(F31:H31)/I31 -> 0.057655717
A32: P031 | B32: Instagram | C32: 45642 | D32: Text | E32: Check out our latest text on instagram! | F32: 438 | G32: 153 | H32: 275 | I32: 3066 | J32: 2701 | K32: 282 | L32: =SUM($F32:$H32) -> 866 | M32: #PepsiCoRefresh | N32: #PepsiCoRefresh | Q32: FestiveRadiance | R32: =SUM(F32:H32)/I32 -> 0.28245271
A33: P032 | B33: Twitter | C33: 45504 | D33: Carousel | E33: Check out our latest carousel on twitter! | F33: 2278 | G33: 10 | H33: 321 | I33: 13668 | J33: 12676 | K33: 275 | L33: =SUM($F33:$H33) -> 2609 | M33: #ThirstyForMore | N33: #ThirstyForMore | Q33: SummerSplash | R33: =SUM(F33:H33)/I33 -> 0.19088382
A34: P033 | B34: Facebook | C34: 45525 | D34: Image | E34: Check out our latest image on facebook! | F34: 1407 | G34: 400 | H34: 351 | I34: 16884 | J34: 15954 | K34: 113 | L34: =SUM($F34:$H34) -> 2158 | M34: #PepsiCoRefresh | N34: #PepsiCoRefresh | Q34: SummerSplash | R34: =SUM(F34:H34)/I34 -> 0.12781331
A35: P034 | B35: Facebook | C35: 45742 | D35: Text | E35: Check out our latest text on facebook! | F35: 1652 | G35: 89 | H35: 357 | I35: 29736 | J35: 28771 | K35: 215 | L35: =SUM($F35:$H35) -> 2098 | M35: #PepsiCoRefresh | N35: #PepsiCoRefresh | Q35: NewYearRefresh | R35: =SUM(F35:H35)/I35 -> 0.07055421
A36: P035 | B36: Instagram | C36: 45626 | D36: Video | E36: Check out our latest video on instagram! | F36: 3775 | G36: 16 | H36: 239 | I36: 33975 | J36: 33310 | K36: 271 | L36: =SUM($F36:$H36) -> 4030 | M36: #LiveForNow | N36: #LiveForNow | Q36: FestiveRadiance | R36: =SUM(F36:H36)/I36 -> 0.11861663
... A53: P052 | B53: Facebook | C53: 45660 | D53: Image | E53: Check out our latest image on facebook! | F53: 947 | G53: 338 | H53: 350 | I53: 10417 | J53: 9730 | K53: 34 | L53: =SUM($F53:$H53) -> 1635 | M53: #PepsiCoRefresh | N53: #PepsiCoRefresh | Q53: DailyWellness | R53: =SUM(F53:H53)/I53 -> 0.15695498
A54: P053 | B54: YouTube | C54: 45712 | D54: Carousel | E54: Check out our latest carousel on youtube! | F54: 804 | G54: 639 | H54: 43 | I54: 4020 | J54: 3144 | K54: 11 | L54: =SUM($F54:$H54) -> 1486 | M54: #ThirstyForMore,#BetterWithPepsi | N54: #ThirstyForMore | O54: #BetterWithPepsi | Q54: Unassigned | R54: =SUM(F54:H54)/I54 -> 0.36965174
A55: P054 | B55: YouTube | C55: 45729 | D55: Carousel | E55: Check out our latest carousel on youtube! | F55: 1686 | G55: 904 | H55: 472 | I55: 18546 | J55: 18171 | K55: 52 | L55: =SUM($F55:$H55) -> 3062 | M55: #LiveForNow | N55: #LiveForNow | Q55: FestiveRadiance | R55: =SUM(F55:H55)/I55 -> 0.16510299
A56: P055 | B56: Facebook | C56: 45460 | D56: Image | E56: Check out our latest image on facebook! | F56: 1226 | G56: 119 | H56: 7 | I56: 14712 | J56: 14049 | K56: 123 | L56: =SUM($F56:$H56) -> 1352 | M56: #ThirstyForMore | N56: #ThirstyForMore | Q56: DailyWellness | R56: =SUM(F56:H56)/I56 -> 0.091897771
A57: P056 | B57: Facebook | C57: 45644 | D57: Carousel | E57: Check out our latest carousel on facebook! | F57: 2946 | G57: 498 | H57: 367 | I57: 29460 | J57: 28527 | K57: 60 | L57: =SUM($F57:$H57) -> 3811 | M57: #LiveForNow | N57: #LiveForNow | Q57: NewYearRefresh | R57: =SUM(F57:H57)/I57 -> 0.12936185
A58: P057 | B58: Twitter | C58: 45586 | D58: Video | E58: Check out our latest video on twitter! | F58: 2825 | G58: 535 | H58: 295 | I58: 45200 | J58: 44739 | K58: 169 | L58: =SUM($F58:$H58) -> 3655 | M58: #PepsiCoRefresh | N58: #PepsiCoRefresh | Q58: SummerSplash | R58: =SUM(F58:H58)/I58 -> 0.080862832
A59: P058 | B59: Instagram | C59: 45762 | D59: Reel | E59: Check out our latest reel on instagram! | F59: 103 | G59: 770 | H59: 19 | I59: 1030 | J59: 410 | K59: 262 | L59: =SUM($F59:$H59) -> 892 | M59: #PepsiCoRefresh | N59: #PepsiCoRefresh | Q59: DailyWellness | R59: =SUM(F59:H59)/I59 -> 0.86601942
A60: P059 | B60: Instagram | C60: 45465 | D60: Text | E60: Check out our latest text on instagram! | F60: 2180 | G60: 263 | H60: 387 | I60: 30520 | J60: 30059 | K60: 174 | L60: =SUM($F60:$H60) -> 2830 | M60: #ThirstyForMore | N60: #ThirstyForMore | Q60: Unassigned | R60: =SUM(F60:H60)/I60 -> 0.092726081
A61: P060 | B61: Instagram | C61: 45685 | D61: Video | E61: Check out our latest video on instagram! | F61: 904 | G61: 973 | H61: 63 | I61: 11752 | J61: 11580 | K61: 84 | L61: =SUM($F61:$H61) -> 1940 | M61: #ThirstyForMore,#PepsiCoRefresh,#AnytimeIsPepsiTime | N61: #ThirstyForMore | O61: #PepsiCoRefresh | P61: #AnytimeIsPepsiTime | Q61: NewYearRefresh | R61: =SUM(F61:H61)/I61 -> 0.16507828
A62: P061 | B62: Twitter | C62: 45540 | D62: Video | E62: Check out our latest video on twitter! | F62: 4886 | G62: 983 | H62: 409 | I62: 43974 | J62: 43239 | K62: 65 | L62: =SUM($F62:$H62) -> 6278 | M62: #PepsiCoRefresh | N62: #PepsiCoRefresh | Q62: SummerSplash | R62: =SUM(F62:H62)/I62 -> 0.14276618
A63: P062 | B63: Twitter | C63: 45618 | D63: Carousel | E63: Check out our latest carousel on twitter! | F63: 53 | G63: 81 | H63: 379 | I63: 954 | J63: 7 | K63: 148 | L63: =SUM($F63:$H63) -> 513 | M63: #PepsiCoRefresh | N63: #PepsiCoRefresh | Q63: NewYearRefresh | R63: =SUM(F63:H63)/I63 -> 0.53773585
A64: P063 | B64: Twitter | C64: 45504 | D64: Carousel | E64: Check out our latest carousel on twitter! | F64: 4507 | G64: 217 | H64: 13 | I64: 90140 | J64: 89591 | K64: 125 | L64: =SUM($F64:$H64) -> 4737 | M64: #LiveForNow | N64: #LiveForNow | Q64: NewYearRefresh | R64: =SUM(F64:H64)/I64 -> 0.052551586
A65: P064 | B65: Facebook | C65: 45521 | D65: Image | E65: Check out our latest image on facebook! | F65: 2878 | G65: 248 | H65: 416 | I65: 43170 | J65: 42667 | K65: 75 | L65: =SUM($F65:$H65) -> 3542 | M65: #LiveForNow | N65: #LiveForNow | Q65: NewYearRefresh | R65: =SUM(F65:H65)/I65 -> 0.082047718
A66: P065 | B66: Instagram | C66: 45744 | D66: Story | E66: Check out our latest story on instagram! | F66: 1881 | G66: 501 | H66: 99 | I66: 20691 | J66: 19987 | K66: 289 | L66: =SUM($F66:$H66) -> 2481 | M66: #ThirstyForMore | N66: #ThirstyForMore | Q66: Unassigned | R66: =SUM(F66:H66)/I66 -> 0.11990721
A67: P066 | B67: Twitter | C67: 45499 | D67: Carousel | E67: Check out our latest carousel on twitter! | F67: 432 | G67: 171 | H67: 280 | I67: 3024 | J67: 2285 | K67: 184 | L67: =SUM($F67:$H67) -> 883 | M67: #ThirstyForMore | N67: #ThirstyForMore | Q67: SummerSplash | R67: =SUM(F67:H67)/I67 -> 0.29199735
A68: P067 | B68: Facebook | C68: 45745 | D68: Carousel | E68: Check out our latest carousel on facebook! | F68: 4712 | G68: 568 | H68: 127 | I68: 84816 | J68: 84691 | K68: 100 | L68: =SUM($F68:$H68) -> 5407 | M68: #ThirstyForMore | N68: #ThirstyForMore | Q68: NewYearRefresh | R68: =SUM(F68:H68)/I68 -> 0.063749764
A69: P068 | B69: Instagram | C69: 45634 | D69: Story | E69: Check out our latest story on instagram! | F69: 2610 | G69: 126 | H69: 288 | I69: 15660 | J69: 15145 | K69: 73 | L69: =SUM($F69:$H69) -> 3024 | M69: #ThirstyForMore | N69: #ThirstyForMore | Q69: Unassigned | R69: =SUM(F69:H69)/I69 -> 0.19310345
A70: P069 | B70: Twitter | C70: 45724 | D70: Text | E70: Check out our latest text on twitter! | F70: 1292 | G70: 626 | H70: 496 | I70: 25840 | J70: 24916 | K70: 149 | L70: =SUM($F70:$H70) -> 2414 | M70: #LiveForNow | N70: #LiveForNow | Q70: NewYearRefresh | R70: =SUM(F70:H70)/I70 -> 0.093421053
A71: P070 | B71: Facebook | C71: 45749 | D71: Video | E71: Check out our latest video on facebook! | F71: 199 | G71: 772 | H71: 400 | I71: 3582 | J71: 2988 | K71: 43 | L71: =SUM($F71:$H71) -> 1371 | M71: #PepsiCoRefresh | N71: #PepsiCoRefresh | Q71: Unassigned | R71: =SUM(F71:H71)/I71 -> 0.38274707
A72: P071 | B72: YouTube | C72: 45537 | D72: Carousel | E72: Check out our latest carousel on youtube! | F72: 2551 | G72: 915 | H72: 205 | I72: 30612 | J72: 30360 | K72: 227 | L72: =SUM($F72:$H72) -> 3671 | M72: #PepsiCoRefresh | N72: #PepsiCoRefresh | Q72: FestiveRadiance | R72: =SUM(F72:H72)/I72 -> 0.11992029
A73: P072 | B73: YouTube | C73: 45719 | D73: Reel | E73: Check out our latest reel on youtube! | F73: 296 | G73: 60 | H73: 141 | I73: 5624 | J73: 5239 | K73: 88 | L73: =SUM($F73:$H73) -> 497 | M73: #ThirstyForMore | N73: #ThirstyForMore | Q73: FestiveRadiance | R73: =SUM(F73:H73)/I73 -> 0.088371266
... A82: P081 | B82: Instagram | C82: 45584 | D82: Story | E82: Check out our latest story on instagram! | F82: 1816 | G82: 29 | H82: 41 | I82: 19976 | J82: 19262 | K82: 283 | L82: =SUM($F82:$H82) -> 1886 | M82: #PepsiCoRefresh | N82: #PepsiCoRefresh | Q82: NewYearRefresh | R82: =SUM(F82:H82)/I82 -> 0.094413296
A83: P082 | B83: Instagram | C83: 45497 | D83: Image | E83: Check out our latest image on instagram! | F83: 725 | G83: 88 | H83: 428 | I83: 14500 | J83: 13637 | K83: 200 | L83: =SUM($F83:$H83) -> 1241 | M83: #LiveForNow,#PepsiCoRefresh,#AnytimeIsPepsiTime | N83: #LiveForNow | O83: #PepsiCoRefresh | P83: #AnytimeIsPepsiTime | Q83: NewYearRefresh | R83: =SUM(F83:H83)/I83 -> 0.085586207
A84: P083 | B84: YouTube | C84: 45580 | D84: Video | E84: Check out our latest video on youtube! | F84: 1094 | G84: 472 | H84: 21 | I84: 9846 | J84: 9609 | K84: 112 | L84: =SUM($F84:$H84) -> 1587 | M84: #ThirstyForMore | N84: #ThirstyForMore | Q84: Unassigned | R84: =SUM(F84:H84)/I84 -> 0.16118221
A85: P084 | B85: Facebook | C85: 45635 | D85: Image | E85: Check out our latest image on facebook! | F85: 1841 | G85: 851 | H85: 342 | I85: 34979 | J85: 34154 | K85: 255 | L85: =SUM($F85:$H85) -> 3034 | M85: #LiveForNow | N85: #LiveForNow | Q85: DailyWellness | R85: =SUM(F85:H85)/I85 -> 0.086737757
A86: P085 | B86: Instagram | C86: 45766 | D86: Image | E86: Check out our latest image on instagram! | F86: 4177 | G86: 569 | H86: 55 | I86: 25062 | J86: 24847 | K86: 230 | L86: =SUM($F86:$H86) -> 4801 | M86: #LiveForNow | N86: #LiveForNow | Q86: SummerSplash | R86: =SUM(F86:H86)/I86 -> 0.19156492
A87: P086 | B87: YouTube | C87: 45684 | D87: Text | E87: Check out our latest text on youtube! | F87: 3428 | G87: 305 | H87: 85 | I87: 58276 | J87: 58052 | K87: 242 | L87: =SUM($F87:$H87) -> 3818 | M87: #ThirstyForMore,#BetterWithPepsi | N87: #ThirstyForMore | O87: #BetterWithPepsi | Q87: DailyWellness | R87: =SUM(F87:H87)/I87 -> 0.065515821
A88: P087 | B88: Twitter | C88: 45449 | D88: Video | E88: Check out our latest video on twitter! | F88: 1436 | G88: 765 | H88: 496 | I88: 12924 | J88: 12701 | K88: 197 | L88: =SUM($F88:$H88) -> 2697 | M88: #LiveForNow | N88: #LiveForNow | Q88: NewYearRefresh | R88: =SUM(F88:H88)/I88 -> 0.20868152
A89: P088 | B89: Facebook | C89: 45480 | D89: Story | E89: Check out our latest story on facebook! | F89: 302 | G89: 47 | H89: 430 | I89: 5738 | J89: 4890 | K89: 25 | L89: =SUM($F89:$H89) -> 779 | M89: #PepsiCoRefresh | N89: #PepsiCoRefresh | Q89: DailyWellness | R89: =SUM(F89:H89)/I89 -> 0.13576159
A90: P089 | B90: Twitter | C90: 45667 | D90: Image | E90: Check out our latest image on twitter! | F90: 2214 | G90: 249 | H90: 152 | I90: 15498 | J90: 14800 | K90: 180 | L90: =SUM($F90:$H90) -> 2615 | M90: #ThirstyForMore | N90: #ThirstyForMore | Q90: Unassigned | R90: =SUM(F90:H90)/I90 -> 0.16873145
A91: P090 | B91: Instagram | C91: 45446 | D91: Image | E91: Check out our latest image on instagram! | F91: 3861 | G91: 960 | H91: 101 | I91: 69498 | J91: 68817 | K91: 297 | L91: =SUM($F91:$H91) -> 4922 | M91: #PepsiCoRefresh | N91: #PepsiCoRefresh | Q91: DailyWellness | R91: =SUM(F91:H91)/I91 -> 0.070822182
A92: P091 | B92: Facebook | C92: 45740 | D92: Image | E92: Check out our latest image on facebook! | F92: 1263 | G92: 397 | H92: 357 | I92: 25260 | J92: 24615 | K92: 137 | L92: =SUM($F92:$H92) -> 2017 | M92: #ThirstyForMore | N92: #ThirstyForMore | Q92: DailyWellness | R92: =SUM(F92:H92)/I92 -> 0.079849565
A93: P092 | B93: Twitter | C93: 45586 | D93: Story | E93: Check out our latest story on twitter! | F93: 3801 | G93: 967 | H93: 401 | I93: 38010 | J93: 37625 | K93: 236 | L93: =SUM($F93:$H93) -> 5169 | M93: #LiveForNow | N93: #LiveForNow | Q93: NewYearRefresh | R93: =SUM(F93:H93)/I93 -> 0.13599053
A94: P093 | B94: Instagram | C94: 45637 | D94: Video | E94: Check out our latest video on instagram! | F94: 1431 | G94: 951 | H94: 26 | I94: 8586 | J94: 8396 | K94: 150 | L94: =SUM($F94:$H94) -> 2408 | M94: #ThirstyForMore | N94: #ThirstyForMore | Q94: NewYearRefresh | R94: =SUM(F94:H94)/I94 -> 0.28045656
A95: P094 | B95: Instagram | C95: 45603 | D95: Image | E95: Check out our latest image on instagram! | F95: 2647 | G95: 304 | H95: 170 | I95: 18529 | J95: 17841 | K95: 46 | L95: =SUM($F95:$H95) -> 3121 | M95: #LiveForNow | N95: #LiveForNow | Q95: NewYearRefresh | R95: =SUM(F95:H95)/I95 -> 0.16843866
A96: P095 | B96: Instagram | C96: 45604 | D96: Text | E96: Check out our latest text on instagram! | F96: 3182 | G96: 559 | H96: 160 | I96: 57276 | J96: 56890 | K96: 163 | L96: =SUM($F96:$H96) -> 3901 | M96: #LiveForNow | N96: #LiveForNow | Q96: DailyWellness | R96: =SUM(F96:H96)/I96 -> 0.068108806
A97: P096 | B97: Twitter | C97: 45545 | D97: Image | E97: Check out our latest image on twitter! | F97: 1238 | G97: 366 | H97: 444 | I97: 19808 | J97: 19334 | K97: 123 | L97: =SUM($F97:$H97) -> 2048 | M97: #LiveForNow | N97: #LiveForNow | Q97: Unassigned | R97: =SUM(F97:H97)/I97 -> 0.10339257
A98: P097 | B98: Instagram | C98: 45517 | D98: Image | E98: Check out our latest image on instagram! | F98: 4739 | G98: 527 | H98: 135 | I98: 61607 | J98: 61333 | K98: 36 | L98: =SUM($F98:$H98) -> 5401 | M98: #PepsiCoRefresh,#AnytimeIsPepsiTime | N98: #PepsiCoRefresh | O98: #AnytimeIsPepsiTime | Q98: FestiveRadiance | R98: =SUM(F98:H98)/I98 -> 0.087668609
A99: P098 | B99: Twitter | C99: 45453 | D99: Story | E99: Check out our latest story on twitter! | F99: 1575 | G99: 771 | H99: 486 | I99: 25200 | J99: 24826 | K99: 17 | L99: =SUM($F99:$H99) -> 2832 | M99: #LiveForNow | N99: #LiveForNow | Q99: DailyWellness | R99: =SUM(F99:H99)/I99 -> 0.11238095
A100: P099 | B100: YouTube | C100: 45475 | D100: Carousel | E100: Check out our latest carousel on youtube! | F100: 4171 | G100: 548 | H100: 86 | I100: 66736 | J100: 66634 | K100: 173 | L100: =SUM($F100:$H100) -> 4805 | M100: #LiveForNow | N100: #LiveForNow | Q100: NewYearRefresh | R100: =SUM(F100:H100)/I100 -> 0.07200012
A101: P100 | B101: YouTube | C101: 45698 | D101: Video | E101: Check out our latest video on youtube! | F101: 1766 | G101: 92 | H101: 424 | I101: 24724 | J101: 24333 | K101: 52 | L101: =SUM($F101:$H101) -> 2282 | M101: #ThirstyForMore | N101: #ThirstyForMore | Q101: Unassigned | R101: =SUM(F101:H101)/I101 -> 0.092298981
A102: P101 | B102: YouTube | C102: 45583 | D102: Video | E102: Check out our latest video on youtube! | F102: 4450 | G102: 983 | H102: 143 | I102: 75650 | J102: 75008 | K102: 12 | L102: =SUM($F102:$H102) -> 5576 | M102: #LiveForNow | N102: #LiveForNow | Q102: NewYearRefresh | R102: =SUM(F102:H102)/I102 -> 0.073707865
A103: P102 | B103: Twitter | C103: 45553 | D103: Reel | E103: Check out our latest reel on twitter! | F103: 1000 | G103: 978 | H103: 162 | I103: 6000 | J103: 5221 | K103: 223 | L103: =SUM($F103:$H103) -> 2140 | M103: #ThirstyForMore | N103: #ThirstyForMore | Q103: FestiveRadiance | R103: =SUM(F103:H103)/I103 -> 0.35666667
A104: P103 | B104: Facebook | C104: 45454 | D104: Image | E104: Check out our latest image on facebook! | F104: 3689 | G104: 48 | H104: 306 | I104: 40579 | J104: 39588 | K104: 212 | L104: =SUM($F104:$H104) -> 4043 | M104: #ThirstyForMore | N104: #ThirstyForMore | Q104: FestiveRadiance | R104: =SUM(F104:H104)/I104 -> 0.099632815
A105: P104 | B105: YouTube | C105: 45739 | D105: Story | E105: Check out our latest story on youtube! | F105: 3655 | G105: 568 | H105: 286 | I105: 32895 | J105: 32015 | K105: 199 | L105: =SUM($F105:$H105) -> 4509 | M105: #PepsiCoRefresh | N105: #PepsiCoRefresh | Q105: NewYearRefresh | R105: =SUM(F105:H105)/I105 -> 0.1370725
A106: P105 | B106: Instagram | C106: 45457 | D106: Carousel | E106: Check out our latest carousel on instagram! | F106: 498 | G106: 38 | H106: 42 | I106: 4482 | J106: 3647 | K106: 32 | L106: =SUM($F106:$H106) -> 578 | M106: #LiveForNow | N106: #LiveForNow | Q106: SummerSplash | R106: =SUM(F106:H106)/I106 -> 0.12896029
A107: P106 | B107: Instagram | C107: 45692 | D107: Image | E107: Check out our latest image on instagram! | F107: 4619 | G107: 821 | H107: 499 | I107: 69285 | J107: 69141 | K107: 298 | L107: =SUM($F107:$H107) -> 5939 | M107: #PepsiCoRefresh | N107: #PepsiCoRefresh | Q107: DailyWellness | R107: =SUM(F107:H107)/I107 -> 0.085718409
A108: P107 | B108: YouTube | C108: 45464 | D108: Image | E108: Check out our latest image on youtube! | F108: 4832 | G108: 893 | H108: 10 | I108: 91808 | J108: 91296 | K108: 182 | L108: =SUM($F108:$H108) -> 5735 | M108: #PepsiCoRefresh | N108: #PepsiCoRefresh | Q108: Unassigned | R108: =SUM(F108:H108)/I108 -> 0.062467323
A109: P108 | B109: Twitter | C109: 45741 | D109: Video | E109: Check out our latest video on twitter! | F109: 4050 | G109: 871 | H109: 347 | I109: 52650 | J109: 51755 | K109: 209 | L109: =SUM($F109:$H109) -> 5268 | M109: #PepsiCoRefresh | N109: #PepsiCoRefresh | Q109: FestiveRadiance | R109: =SUM(F109:H109)/I109 -> 0.10005698
A110: P109 | B110: Twitter | C110: 45512 | D110: Story | E110: Check out our latest story on twitter! | F110: 3649 | G110: 215 | H110: 413 | I110: 25543 | J110: 24963 | K110: 167 | L110: =SUM($F110:$H110) -> 4277 | M110: #LiveForNow | N110: #LiveForNow | Q110: NewYearRefresh | R110: =SUM(F110:H110)/I110 -> 0.16744314
... A115: P114 | B115: Twitter | C115: 45610 | D115: Story | E115: Check out our latest story on twitter! | F115: 4000 | G115: 689 | H115: 488 | I115: 40000 | J115: 39569 | K115: 44 | L115: =SUM($F115:$H115) -> 5177 | M115: #LiveForNow | N115: #LiveForNow | Q115: SummerSplash | R115: =SUM(F115:H115)/I115 -> 0.129425
A116: P115 | B116: Twitter | C116: 45788 | D116: Image | E116: Check out our latest image on twitter! | F116: 2493 | G116: 97 | H116: 44 | I116: 42381 | J116: 41991 | K116: 242 | L116: =SUM($F116:$H116) -> 2634 | M116: #PepsiCoRefresh,#AnytimeIsPepsiTime | N116: #PepsiCoRefresh | O116: #AnytimeIsPepsiTime | Q116: DailyWellness | R116: =SUM(F116:H116)/I116 -> 0.062150492
A117: P116 | B117: YouTube | C117: 45734 | D117: Reel | E117: Check out our latest reel on youtube! | F117: 3704 | G117: 186 | H117: 458 | I117: 25928 | J117: 25081 | K117: 131 | L117: =SUM($F117:$H117) -> 4348 | M117: #PepsiCoRefresh | N117: #PepsiCoRefresh | Q117: Unassigned | R117: =SUM(F117:H117)/I117 -> 0.16769516
A118: P117 | B118: Twitter | C118: 45600 | D118: Image | E118: Check out our latest image on twitter! | F118: 1606 | G118: 451 | H118: 405 | I118: 20878 | J118: 20190 | K118: 219 | L118: =SUM($F118:$H118) -> 2462 | M118: #ThirstyForMore | N118: #ThirstyForMore | Q118: DailyWellness | R118: =SUM(F118:H118)/I118 -> 0.11792317
A119: P118 | B119: Facebook | C119: 45600 | D119: Image | E119: Check out our latest image on facebook! | F119: 4551 | G119: 714 | H119: 207 | I119: 68265 | J119: 67754 | K119: 57 | L119: =SUM($F119:$H119) -> 5472 | M119: #LiveForNow | N119: #LiveForNow | Q119: NewYearRefresh | R119: =SUM(F119:H119)/I119 -> 0.080158207
A120: P119 | B120: Instagram | C120: 45695 | D120: Reel | E120: Check out our latest reel on instagram! | F120: 1970 | G120: 675 | H120: 478 | I120: 9850 | J120: 8924 | K120: 117 | L120: =SUM($F120:$H120) -> 3123 | M120: #LiveForNow | N120: #LiveForNow | Q120: Unassigned | R120: =SUM(F120:H120)/I120 -> 0.31705584
A121: P120 | B121: Facebook | C121: 45586 | D121: Story | E121: Check out our latest story on facebook! | F121: 780 | G121: 928 | H121: 301 | I121: 8580 | J121: 8081 | K121: 91 | L121: =SUM($F121:$H121) -> 2009 | M121: #ThirstyForMore | N121: #ThirstyForMore | Q121: NewYearRefresh | R121: =SUM(F121:H121)/I121 -> 0.23414918
A122: P121 | B122: Instagram | C122: 45502 | D122: Story | E122: Check out our latest story on instagram! | F122: 498 | G122: 701 | H122: 412 | I122: 4980 | J122: 4185 | K122: 185 | L122: =SUM($F122:$H122) -> 1611 | M122: #LiveForNow | N122: #LiveForNow | Q122: Unassigned | R122: =SUM(F122:H122)/I122 -> 0.32349398
A123: P122 | B123: Instagram | C123: 45567 | D123: Text | E123: Check out our latest text on instagram! | F123: 3432 | G123: 869 | H123: 123 | I123: 54912 | J123: 53916 | K123: 264 | L123: =SUM($F123:$H123) -> 4424 | M123: #ThirstyForMore | N123: #ThirstyForMore | Q123: FestiveRadiance | R123: =SUM(F123:H123)/I123 -> 0.080565268
A124: P123 | B124: Instagram | C124: 45457 | D124: Story | E124: Check out our latest story on instagram! | F124: 4363 | G124: 649 | H124: 140 | I124: 21815 | J124: 21481 | K124: 157 | L124: =SUM($F124:$H124) -> 5152 | M124: #ThirstyForMore | N124: #ThirstyForMore | Q124: SummerSplash | R124: =SUM(F124:H124)/I124 -> 0.23616777
A125: P124 | B125: YouTube | C125: 45753 | D125: Carousel | E125: Check out our latest carousel on youtube! | F125: 736 | G125: 771 | H125: 225 | I125: 5152 | J125: 4706 | K125: 19 | L125: =SUM($F125:$H125) -> 1732 | M125: #ThirstyForMore | N125: #ThirstyForMore | Q125: SummerSplash | R125: =SUM(F125:H125)/I125 -> 0.33618012
A126: P125 | B126: Twitter | C126: 45543 | D126: Carousel | E126: Check out our latest carousel on twitter! | F126: 3811 | G126: 866 | H126: 216 | I126: 34299 | J126: 34088 | K126: 233 | L126: =SUM($F126:$H126) -> 4893 | M126: #PepsiCoRefresh | N126: #PepsiCoRefresh | Q126: DailyWellness | R126: =SUM(F126:H126)/I126 -> 0.14265722
A127: P126 | B127: Instagram | C127: 45744 | D127: Carousel | E127: Check out our latest carousel on instagram! | F127: 4158 | G127: 167 | H127: 241 | I127: 45738 | J127: 45183 | K127: 142 | L127: =SUM($F127:$H127) -> 4566 | M127: #LiveForNow | N127: #LiveForNow | Q127: Unassigned | R127: =SUM(F127:H127)/I127 -> 0.099829463
A128: P127 | B128: Facebook | C128: 45684 | D128: Reel | E128: Check out our latest reel on facebook! | F128: 3452 | G128: 652 | H128: 442 | I128: 65588 | J128: 65049 | K128: 158 | L128: =SUM($F128:$H128) -> 4546 | M128: #LiveForNow | N128: #LiveForNow | Q128: NewYearRefresh | R128: =SUM(F128:H128)/I128 -> 0.069311459
... A140: P139 | B140: YouTube | C140: 45594 | D140: Text | E140: Check out our latest text on youtube! | F140: 2746 | G140: 156 | H140: 203 | I140: 32952 | J140: 32147 | K140: 147 | L140: =SUM($F140:$H140) -> 3105 | M140: #ThirstyForMore | N140: #ThirstyForMore | Q140: SummerSplash | R140: =SUM(F140:H140)/I140 -> 0.094227968
A141: P140 | B141: Facebook | C141: 45488 | D141: Image | E141: Check out our latest image on facebook! | F141: 2291 | G141: 78 | H141: 485 | I141: 18328 | J141: 18101 | K141: 10 | L141: =SUM($F141:$H141) -> 2854 | M141: #ThirstyForMore,#SmoothLikeNitroPepsi | N141: #ThirstyForMore | O141: #SmoothLikeNitroPepsi | Q141: FestiveRadiance | R141: =SUM(F141:H141)/I141 -> 0.15571803
A142: P141 | B142: Twitter | C142: 45535 | D142: Image | E142: Check out our latest image on twitter! | F142: 3170 | G142: 857 | H142: 379 | I142: 19020 | J142: 18559 | K142: 240 | L142: =SUM($F142:$H142) -> 4406 | M142: #LiveForNow | N142: #LiveForNow | Q142: Unassigned | R142: =SUM(F142:H142)/I142 -> 0.23165089
A143: P142 | B143: YouTube | C143: 45741 | D143: Story | E143: Check out our latest story on youtube! | F143: 2070 | G143: 275 | H143: 386 | I143: 39330 | J143: 38627 | K143: 114 | L143: =SUM($F143:$H143) -> 2731 | M143: #LiveForNow | N143: #LiveForNow | Q143: DailyWellness | R143: =SUM(F143:H143)/I143 -> 0.069438088
...

Sheet Table 2
A1: Post ID | B1: Platform | C1: Date | D1: Content Type | E1: Post Text | F1: Likes | G1: Shares | H1: Comments | I1: Impressions | J1: Reach | K1: Clicks | L1: Engagement | M1: Hashtags Used | N1: Hashtag 1 | O1: Hashtag 2 | P1: Hashtag 3 | Q1: Campaign_Name | R1: Engagement_Rate
A2: P001 | B2: Twitter | C2: 45649 | D2: Reel | E2: Check out our latest reel on twitter! | F2: 1461 | G2: 184 | H2: 344 | I2: 21915 | J2: 21675 | K2: 15 | L2: =SUM($F2:$H2) -> 1989 | M2: #LiveForNow,#AnytimeIsPepsiTime | N2: #LiveForNow | O2: #AnytimeIsPepsiTime | Q2: SummerSplash | R2: =SUM(F2:H2)/I2 -> 0.090759754
A3: P002 | B3: Twitter | C3: 45750 | D3: Text | E3: Check out our latest text on twitter! | F3: 4054 | G3: 389 | H3: 493 | I3: 64864 | J3: 64383 | K3: 117 | L3: =SUM($F3:$H3) -> 4936 | M3: #PepsiCoRefresh,#BetterWithPepsi | N3: #PepsiCoRefresh | O3: #BetterWithPepsi | Q3: FestiveRadiance | R3: =SUM(F3:H3)/I3 -> 0.076097681
A4: P003 | B4: YouTube | C4: 45789 | D4: Reel | E4: Check out our latest reel on youtube! | F4: 2795 | G4: 105 | H4: 49 | I4: 53105 | J4: 52307 | K4: 204 | L4: =SUM($F4:$H4) -> 2949 | M4: #PepsiCoRefresh | N4: #PepsiCoRefresh | Q4: NewYearRefresh | R4: =SUM(F4:H4)/I4 -> 0.055531494
A5: P004 | B5: Instagram | C5: 45516 | D5: Story | E5: Check out our latest story on instagram! | F5: 2404 | G5: 363 | H5: 138 | I5: 19232 | J5: 18636 | K5: 128 | L5: =SUM($F5:$H5) -> 2905 | M5: #ThirstyForMore | N5: #ThirstyForMore | Q5: DailyWellness | R5: =SUM(F5:H5)/I5 -> 0.15105033
A6: P005 | B6: YouTube | C6: 45469 | D6: Reel | E6: Check out our latest reel on youtube! | F6: 3557 | G6: 687 | H6: 424 | I6: 71140 | J6: 70701 | K6: 224 | L6: =SUM($F6:$H6) -> 4668 | M6: #ThirstyForMore,#PepsiCoRefresh | N6: #ThirstyForMore | O6: #PepsiCoRefresh | Q6: SummerSplash | R6: =SUM(F6:H6)/I6 -> 0.065617093
A7: P006 | B7: Facebook | C7: 45596 | D7: Carousel | E7: Check out our latest carousel on facebook! | F7: 2945 | G7: 930 | H7: 355 | I7: 23560 | J7: 23275 | K7: 256 | L7: =SUM($F7:$H7) -> 4230 | M7: #PepsiCoRefresh | N7: #PepsiCoRefresh | Q7: FestiveRadiance | R7: =SUM(F7:H7)/I7 -> 0.1795416
A8: P007 | B8: Twitter | C8: 45467 | D8: Carousel | E8: Check out our latest carousel on twitter! | F8: 3860 | G8: 201 | H8: 279 | I8: 61760 | J8: 61660 | K8: 235 | L8: =SUM($F8:$H8) -> 4340 | M8: #PepsiCoRefresh | N8: #PepsiCoRefresh | Q8: FestiveRadiance | R8: =SUM(F8:H8)/I8 -> 0.070272021
A9: P008 | B9: YouTube | C9: 45486 | D9: Image | E9: Check out our latest image on youtube! | F9: 3929 | G9: 262 | H9: 278 | I9: 43219 | J9: 42841 | K9: 39 | L9: =SUM($F9:$H9) -> 4469 | M9: #ThirstyForMore | N9: #ThirstyForMore | Q9: DailyWellness | R9: =SUM(F9:H9)/I9 -> 0.1034036
A10: P009 | B10: Facebook | C10: 45534 | D10: Text | E10: Check out our latest text on facebook! | F10: 3784 | G10: 808 | H10: 404 | I10: 56760 | J10: 56343 | K10: 131 | L10: =SUM($F10:$H10) -> 4996 | M10: #PepsiCoRefresh | N10: #PepsiCoRefresh | Q10: FestiveRadiance | R10: =SUM(F10:H10)/I10 -> 0.088019732
A11: P010 | B11: Facebook | C11: 45727 | D11: Image | E11: Check out our latest image on facebook! | F11: 4241 | G11: 902 | H11: 47 | I11: 72097 | J11: 71598 | K11: 167 | L11: =SUM($F11:$H11) -> 5190 | M11: #PepsiCoRefresh | N11: #PepsiCoRefresh | Q11: FestiveRadiance | R11: =SUM(F11:H11)/I11 -> 0.071986352
A12: P011 | B12: Instagram | C12: 45690 | D12: Story | E12: Check out our latest story on instagram! | F12: 1792 | G12: 614 | H12: 497 | I12: 25088 | J12: 24675 | K12: 65 | L12: =SUM($F12:$H12) -> 2903 | M12: #LiveForNow | N12: #LiveForNow | Q12: DailyWellness | R12: =SUM(F12:H12)/I12 -> 0.11571269
A13: P012 | B13: Facebook | C13: 45494 | D13: Reel | E13: Check out our latest reel on facebook! | F13: 1946 | G13: 686 | H13: 377 | I13: 23352 | J13: 22982 | K13: 213 | L13: =SUM($F13:$H13) -> 3009 | M13: #LiveForNow | N13: #LiveForNow | Q13: NewYearRefresh | R13: =SUM(F13:H13)/I13 -> 0.12885406
A14: P013 | B14: YouTube | C14: 45614 | D14: Carousel | E14: Check out our latest carousel on youtube! | F14: 1171 | G14: 286 | H14: 231 | I14: 22249 | J14: 21282 | K14: 114 | L14: =SUM($F14:$H14) -> 1688 | M14: #ThirstyForMore | N14: #ThirstyForMore | Q14: SummerSplash | R14: =SUM(F14:H14)/I14 -> 0.075868578
A15: P014 | B15: Facebook | C15: 45704 | D15: Story | E15: Check out our latest story on facebook! | F15: 4242 | G15: 555 | H15: 131 | I15: 33936 | J15: 33802 | K15: 265 | L15: =SUM($F15:$H15) -> 4928 | M15: #LiveForNow | N15: #LiveForNow | Q15: Unassigned | R15: =SUM(F15:H15)/I15 -> 0.14521452
A16: P015 | B16: Facebook | C16: 45589 | D16: Video | E16: Check out our latest video on facebook! | F16: 3888 | G16: 604 | H16: 128 | I16: 77760 | J16: 77167 | K16: 20 | L16: =SUM($F16:$H16) -> 4620 | M16: #LiveForNow | N16: #LiveForNow | Q16: SummerSplash | R16: =SUM(F16:H16)/I16 -> 0.05941358
A17: P016 | B17: Facebook | C17: 45530 | D17: Text | E17: Check out our latest text on facebook! | F17: 3452 | G17: 377 | H17: 360 | I17: 55232 | J17: 55075 | K17: 87 | L17: =SUM($F17:$H17) -> 4189 | M17: #LiveForNow | N17: #LiveForNow | Q17: NewYearRefresh | R17: =SUM(F17:H17)/I17 -> 0.075843714
A18: P017 | B18: Facebook | C18: 45782 | D18: Text | E18: Check out our latest text on facebook! | F18: 4441 | G18: 511 | H18: 70 | I18: 53292 | J18: 53082 | K18: 159 | L18: =SUM($F18:$H18) -> 5022 | M18: #ThirstyForMore | N18: #ThirstyForMore | Q18: DailyWellness | R18: =SUM(F18:H18)/I18 -> 0.094235533
... A23: P022 | B23: Facebook | C23: 45715 | D23: Text | E23: Check out our latest text on facebook! | F23: 1570 | G23: 187 | H23: 260 | I23: 25120 | J23: 24613 | K23: 133 | L23: =SUM($F23:$H23) -> 2017 | M23: #PepsiCoRefresh | N23: #PepsiCoRefresh | Q23: DailyWellness | R23: =SUM(F23:H23)/I23 -> 0.080294586
A24: P023 | B24: Facebook | C24: 45602 | D24: Video | E24: Check out our latest video on facebook! | F24: 1606 | G24: 547 | H24: 316 | I24: 32120 | J24: 31736 | K24: 225 | L24: =SUM($F24:$H24) -> 2469 | M24: #PepsiCoRefresh,#AnytimeIsPepsiTime | N24: #PepsiCoRefresh | O24: #AnytimeIsPepsiTime | Q24: FestiveRadiance | R24: =SUM(F24:H24)/I24 -> 0.076867995
A25: P024 | B25: Facebook | C25: 45680 | D25: Video | E25: Check out our latest video on facebook! | F25: 3961 | G25: 761 | H25: 131 | I25: 67337 | J25: 66615 | K25: 161 | L25: =SUM($F25:$H25) -> 4853 | M25: #LiveForNow | N25: #LiveForNow | Q25: NewYearRefresh | R25: =SUM(F25:H25)/I25 -> 0.072070333
A26: P025 | B26: Twitter | C26: 45757 | D26: Carousel | E26: Check out our latest carousel on twitter! | F26: 3128 | G26: 211 | H26: 197 | I26: 59432 | J26: 59182 | K26: 238 | L26: =SUM($F26:$H26) -> 3536 | M26: #ThirstyForMore | N26: #ThirstyForMore | Q26: Unassigned | R26: =SUM(F26:H26)/I26 -> 0.059496568
A27: P026 | B27: YouTube | C27: 45752 | D27: Reel | E27: Check out our latest reel on youtube! | F27: 3009 | G27: 413 | H27: 358 | I27: 42126 | J27: 41309 | K27: 211 | L27: =SUM($F27:$H27) -> 3780 | M27: #LiveForNow | N27: #LiveForNow | Q27: FestiveRadiance | R27: =SUM(F27:H27)/I27 -> 0.089730808
A28: P027 | B28: YouTube | C28: 45552 | D28: Text | E28: Check out our latest text on youtube! | F28: 2076 | G28: 195 | H28: 104 | I28: 33216 | J28: 32244 | K28: 51 | L28: =SUM($F28:$H28) -> 2375 | M28: #LiveForNow | N28: #LiveForNow | Q28: DailyWellness | R28: =SUM(F28:H28)/I28 -> 0.071501686
A29: P028 | B29: Instagram | C29: 45720 | D29: Video | E29: Check out our latest video on instagram! | F29: 432 | G29: 624 | H29: 123 | I29: 6912 | J29: 6259 | K29: 79 | L29: =SUM($F29:$H29) -> 1179 | M29: #LiveForNow | N29: #LiveForNow | Q29: DailyWellness | R29: =SUM(F29:H29)/I29 -> 0.17057292
A30: P029 | B30: Instagram | C30: 45688 | D30: Carousel | E30: Check out our latest carousel on instagram! | F30: 2566 | G30: 118 | H30: 37 | I30: 12830 | J30: 12264 | K30: 221 | L30: =SUM($F30:$H30) -> 2721 | M30: #LiveForNow | N30: #LiveForNow | Q30: NewYearRefresh | R30: =SUM(F30:H30)/I30 -> 0.21208106
A31: P030 | B31: Instagram | C31: 45713 | D31: Video | E31: Check out our latest video on instagram! | F31: 3095 | G31: 39 | H31: 78 | I31: 55710 | J31: 54808 | K31: 93 | L31: =SUM($F31:$H31) -> 3212 | M31: #ThirstyForMore | N31: #ThirstyForMore | Q31: Unassigned | R31: =SUM(F31:H31)/I31 -> 0.057655717
A32: P031 | B32: Instagram | C32: 45642 | D32: Text | E32: Check out our latest text on instagram! | F32: 438 | G32: 153 | H32: 275 | I32: 3066 | J32: 2701 | K32: 282 | L32: =SUM($F32:$H32) -> 866 | M32: #PepsiCoRefresh | N32: #PepsiCoRefresh | Q32: FestiveRadiance | R32: =SUM(F32:H32)/I32 -> 0.28245271
A33: P032 | B33: Twitter | C33: 45504 | D33: Carousel | E33: Check out our latest carousel on twitter! | F33: 2278 | G33: 10 | H33: 321 | I33: 13668 | J33: 12676 | K33: 275 | L33: =SUM($F33:$H33) -> 2609 | M33: #ThirstyForMore | N33: #ThirstyForMore | Q33: SummerSplash | R33: =SUM(F33:H33)/I33 -> 0.19088382
A34: P033 | B34: Facebook | C34: 45525 | D34: Image | E34: Check out our latest image on facebook! | F34: 1407 | G34: 400 | H34: 351 | I34: 16884 | J34: 15954 | K34: 113 | L34: =SUM($F34:$H34) -> 2158 | M34: #PepsiCoRefresh | N34: #PepsiCoRefresh | Q34: SummerSplash | R34: =SUM(F34:H34)/I34 -> 0.12781331
A35: P034 | B35: Facebook | C35: 45742 | D35: Text | E35: Check out our latest text on facebook! | F35: 1652 | G35: 89 | H35: 357 | I35: 29736 | J35: 28771 | K35: 215 | L35: =SUM($F35:$H35) -> 2098 | M35: #PepsiCoRefresh | N35: #PepsiCoRefresh | Q35: NewYearRefresh | R35: =SUM(F35:H35)/I35 -> 0.07055421
A36: P035 | B36: Instagram | C36: 45626 | D36: Video | E36: Check out our latest video on instagram! | F36: 3775 | G36: 16 | H36: 239 | I36: 33975 | J36: 33310 | K36: 271 | L36: =SUM($F36:$H36) -> 4030 | M36: #LiveForNow | N36: #LiveForNow | Q36: FestiveRadiance | R36: =SUM(F36:H36)/I36 -> 0.11861663
... A53: P052 | B53: Facebook | C53: 45660 | D53: Image | E53: Check out our latest image on facebook! | F53: 947 | G53: 338 | H53: 350 | I53: 10417 | J53: 9730 | K53: 34 | L53: =SUM($F53:$H53) -> 1635 | M53: #PepsiCoRefresh | N53: #PepsiCoRefresh | Q53: DailyWellness | R53: =SUM(F53:H53)/I53 -> 0.15695498
A54: P053 | B54: YouTube | C54: 45712 | D54: Carousel | E54: Check out our latest carousel on youtube! | F54: 804 | G54: 639 | H54: 43 | I54: 4020 | J54: 3144 | K54: 11 | L54: =SUM($F54:$H54) -> 1486 | M54: #ThirstyForMore,#BetterWithPepsi | N54: #ThirstyForMore | O54: #BetterWithPepsi | Q54: Unassigned | R54: =SUM(F54:H54)/I54 -> 0.36965174
A55: P054 | B55: YouTube | C55: 45729 | D55: Carousel | E55: Check out our latest carousel on youtube! | F55: 1686 | G55: 904 | H55: 472 | I55: 18546 | J55: 18171 | K55: 52 | L55: =SUM($F55:$H55) -> 3062 | M55: #LiveForNow | N55: #LiveForNow | Q55: FestiveRadiance | R55: =SUM(F55:H55)/I55 -> 0.16510299
A56: P055 | B56: Facebook | C56: 45460 | D56: Image | E56: Check out our latest image on facebook! | F56: 1226 | G56: 119 | H56: 7 | I56: 14712 | J56: 14049 | K56: 123 | L56: =SUM($F56:$H56) -> 1352 | M56: #ThirstyForMore | N56: #ThirstyForMore | Q56: DailyWellness | R56: =SUM(F56:H56)/I56 -> 0.091897771
A57: P056 | B57: Facebook | C57: 45644 | D57: Carousel | E57: Check out our latest carousel on facebook! | F57: 2946 | G57: 498 | H57: 367 | I57: 29460 | J57: 28527 | K57: 60 | L57: =SUM($F57:$H57) -> 3811 | M57: #LiveForNow | N57: #LiveForNow | Q57: NewYearRefresh | R57: =SUM(F57:H57)/I57 -> 0.12936185
A58: P057 | B58: Twitter | C58: 45586 | D58: Video | E58: Check out our latest video on twitter! | F58: 2825 | G58: 535 | H58: 295 | I58: 45200 | J58: 44739 | K58: 169 | L58: =SUM($F58:$H58) -> 3655 | M58: #PepsiCoRefresh | N58: #PepsiCoRefresh | Q58: SummerSplash | R58: =SUM(F58:H58)/I58 -> 0.080862832
A59: P058 | B59: Instagram | C59: 45762 | D59: Reel | E59: Check out our latest reel on instagram! | F59: 103 | G59: 770 | H59: 19 | I59: 1030 | J59: 410 | K59: 262 | L59: =SUM($F59:$H59) -> 892 | M59: #PepsiCoRefresh | N59: #PepsiCoRefresh | Q59: DailyWellness | R59: =SUM(F59:H59)/I59 -> 0.86601942
A60: P059 | B60: Instagram | C60: 45465 | D60: Text | E60: Check out our latest text on instagram! | F60: 2180 | G60: 263 | H60: 387 | I60: 30520 | J60: 30059 | K60: 174 | L60: =SUM($F60:$H60) -> 2830 | M60: #ThirstyForMore | N60: #ThirstyForMore | Q60: Unassigned | R60: =SUM(F60:H60)/I60 -> 0.092726081
A61: P060 | B61: Instagram | C61: 45685 | D61: Video | E61: Check out our latest video on instagram! | F61: 904 | G61: 973 | H61: 63 | I61: 11752 | J61: 11580 | K61: 84 | L61: =SUM($F61:$H61) -> 1940 | M61: #ThirstyForMore,#PepsiCoRefresh,#AnytimeIsPepsiTime | N61: #ThirstyForMore | O61: #PepsiCoRefresh | P61: #AnytimeIsPepsiTime | Q61: NewYearRefresh | R61: =SUM(F61:H61)/I61 -> 0.16507828
A62: P061 | B62: Twitter | C62: 45540 | D62: Video | E62: Check out our latest video on twitter! | F62: 4886 | G62: 983 | H62: 409 | I62: 43974 | J62: 43239 | K62: 65 | L62: =SUM($F62:$H62) -> 6278 | M62: #PepsiCoRefresh | N62: #PepsiCoRefresh | Q62: SummerSplash | R62: =SUM(F62:H62)/I62 -> 0.14276618
A63: P062 | B63: Twitter | C63: 45618 | D63: Carousel | E63: Check out our latest carousel on twitter! | F63: 53 | G63: 81 | H63: 379 | I63: 954 | J63: 7 | K63: 148 | L63: =SUM($F63:$H63) -> 513 | M63: #PepsiCoRefresh | N63: #PepsiCoRefresh | Q63: NewYearRefresh | R63: =SUM(F63:H63)/I63 -> 0.53773585
A64: P063 | B64: Twitter | C64: 45504 | D64: Carousel | E64: Check out our latest carousel on twitter! | F64: 4507 | G64: 217 | H64: 13 | I64: 90140 | J64: 89591 | K64: 125 | L64: =SUM($F64:$H64) -> 4737 | M64: #LiveForNow | N64: #LiveForNow | Q64: NewYearRefresh | R64: =SUM(F64:H64)/I64 -> 0.052551586
A65: P064 | B65: Facebook | C65: 45521 | D65: Image | E65: Check out our latest image on facebook! | F65: 2878 | G65: 248 | H65: 416 | I65: 43170 | J65: 42667 | K65: 75 | L65: =SUM($F65:$H65) -> 3542 | M65: #LiveForNow | N65: #LiveForNow | Q65: NewYearRefresh | R65: =SUM(F65:H65)/I65 -> 0.082047718
A66: P065 | B66: Instagram | C66: 45744 | D66: Story | E66: Check out our latest story on instagram! | F66: 1881 | G66: 501 | H66: 99 | I66: 20691 | J66: 19987 | K66: 289 | L66: =SUM($F66:$H66) -> 2481 | M66: #ThirstyForMore | N66: #ThirstyForMore | Q66: Unassigned | R66: =SUM(F66:H66)/I66 -> 0.11990721
A67: P066 | B67: Twitter | C67: 45499 | D67: Carousel | E67: Check out our latest carousel on twitter! | F67: 432 | G67: 171 | H67: 280 | I67: 3024 | J67: 2285 | K67: 184 | L67: =SUM($F67:$H67) -> 883 | M67: #ThirstyForMore | N67: #ThirstyForMore | Q67: SummerSplash | R67: =SUM(F67:H67)/I67 -> 0.29199735
A68: P067 | B68: Facebook | C68: 45745 | D68: Carousel | E68: Check out our latest carousel on facebook! | F68: 4712 | G68: 568 | H68: 127 | I68: 84816 | J68: 84691 | K68: 100 | L68: =SUM($F68:$H68) -> 5407 | M68: #ThirstyForMore | N68: #ThirstyForMore | Q68: NewYearRefresh | R68: =SUM(F68:H68)/I68 -> 0.063749764
A69: P068 | B69: Instagram | C69: 45634 | D69: Story | E69: Check out our latest story on instagram! | F69: 2610 | G69: 126 | H69: 288 | I69: 15660 | J69: 15145 | K69: 73 | L69: =SUM($F69:$H69) -> 3024 | M69: #ThirstyForMore | N69: #ThirstyForMore | Q69: Unassigned | R69: =SUM(F69:H69)/I69 -> 0.19310345
A70: P069 | B70: Twitter | C70: 45724 | D70: Text | E70: Check out our latest text on twitter! | F70: 1292 | G70: 626 | H70: 496 | I70: 25840 | J70: 24916 | K70: 149 | L70: =SUM($F70:$H70) -> 2414 | M70: #LiveForNow | N70: #LiveForNow | Q70: NewYearRefresh | R70: =SUM(F70:H70)/I70 -> 0.093421053
A71: P070 | B71: Facebook | C71: 45749 | D71: Video | E71: Check out our latest video on facebook! | F71: 199 | G71: 772 | H71: 400 | I71: 3582 | J71: 2988 | K71: 43 | L71: =SUM($F71:$H71) -> 1371 | M71: #PepsiCoRefresh | N71: #PepsiCoRefresh | Q71: Unassigned | R71: =SUM(F71:H71)/I71 -> 0.38274707
A72: P071 | B72: YouTube | C72: 45537 | D72: Carousel | E72: Check out our latest carousel on youtube! | F72: 2551 | G72: 915 | H72: 205 | I72: 30612 | J72: 30360 | K72: 227 | L72: =SUM($F72:$H72) -> 3671 | M72: #PepsiCoRefresh | N72: #PepsiCoRefresh | Q72: FestiveRadiance | R72: =SUM(F72:H72)/I72 -> 0.11992029
A73: P072 | B73: YouTube | C73: 45719 | D73: Reel | E73: Check out our latest reel on youtube! | F73: 296 | G73: 60 | H73: 141 | I73: 5624 | J73: 5239 | K73: 88 | L73: =SUM($F73:$H73) -> 497 | M73: #ThirstyForMore | N73: #ThirstyForMore | Q73: FestiveRadiance | R73: =SUM(F73:H73)/I73 -> 0.088371266
... A82: P081 | B82: Instagram | C82: 45584 | D82: Story | E82: Check out our latest story on instagram! | F82: 1816 | G82: 29 | H82: 41 | I82: 19976 | J82: 19262 | K82: 283 | L82: =SUM($F82:$H82) -> 1886 | M82: #PepsiCoRefresh | N82: #PepsiCoRefresh | Q82: NewYearRefresh | R82: =SUM(F82:H82)/I82 -> 0.094413296
A83: P082 | B83: Instagram | C83: 45497 | D83: Image | E83: Check out our latest image on instagram! | F83: 725 | G83: 88 | H83: 428 | I83: 14500 | J83: 13637 | K83: 200 | L83: =SUM($F83:$H83) -> 1241 | M83: #LiveForNow,#PepsiCoRefresh,#AnytimeIsPepsiTime | N83: #LiveForNow | O83: #PepsiCoRefresh | P83: #AnytimeIsPepsiTime | Q83: NewYearRefresh | R83: =SUM(F83:H83)/I83 -> 0.085586207
A84: P083 | B84: YouTube | C84: 45580 | D84: Video | E84: Check out our latest video on youtube! | F84: 1094 | G84: 472 | H84: 21 | I84: 9846 | J84: 9609 | K84: 112 | L84: =SUM($F84:$H84) -> 1587 | M84: #ThirstyForMore | N84: #ThirstyForMore | Q84: Unassigned | R84: =SUM(F84:H84)/I84 -> 0.16118221
A85: P084 | B85: Facebook | C85: 45635 | D85: Image | E85: Check out our latest image on facebook! | F85: 1841 | G85: 851 | H85: 342 | I85: 34979 | J85: 34154 | K85: 255 | L85: =SUM($F85:$H85) -> 3034 | M85: #LiveForNow | N85: #LiveForNow | Q85: DailyWellness | R85: =SUM(F85:H85)/I85 -> 0.086737757
A86: P085 | B86: Instagram | C86: 45766 | D86: Image | E86: Check out our latest image on instagram! | F86: 4177 | G86: 569 | H86: 55 | I86: 25062 | J86: 24847 | K86: 230 | L86: =SUM($F86:$H86) -> 4801 | M86: #LiveForNow | N86: #LiveForNow | Q86: SummerSplash | R86: =SUM(F86:H86)/I86 -> 0.19156492
A87: P086 | B87: YouTube | C87: 45684 | D87: Text | E87: Check out our latest text on youtube! | F87: 3428 | G87: 305 | H87: 85 | I87: 58276 | J87: 58052 | K87: 242 | L87: =SUM($F87:$H87) -> 3818 | M87: #ThirstyForMore,#BetterWithPepsi | N87: #ThirstyForMore | O87: #BetterWithPepsi | Q87: DailyWellness | R87: =SUM(F87:H87)/I87 -> 0.065515821
A88: P087 | B88: Twitter | C88: 45449 | D88: Video | E88: Check out our latest video on twitter! | F88: 1436 | G88: 765 | H88: 496 | I88: 12924 | J88: 12701 | K88: 197 | L88: =SUM($F88:$H88) -> 2697 | M88: #LiveForNow | N88: #LiveForNow | Q88: NewYearRefresh | R88: =SUM(F88:H88)/I88 -> 0.20868152
A89: P088 | B89: Facebook | C89: 45480 | D89: Story | E89: Check out our latest story on facebook! | F89: 302 | G89: 47 | H89: 430 | I89: 5738 | J89: 4890 | K89: 25 | L89: =SUM($F89:$H89) -> 779 | M89: #PepsiCoRefresh | N89: #PepsiCoRefresh | Q89: DailyWellness | R89: =SUM(F89:H89)/I89 -> 0.13576159
A90: P089 | B90: Twitter | C90: 45667 | D90: Image | E90: Check out our latest image on twitter! | F90: 2214 | G90: 249 | H90: 152 | I90: 15498 | J90: 14800 | K90: 180 | L90: =SUM($F90:$H90) -> 2615 | M90: #ThirstyForMore | N90: #ThirstyForMore | Q90: Unassigned | R90: =SUM(F90:H90)/I90 -> 0.16873145
A91: P090 | B91: Instagram | C91: 45446 | D91: Image | E91: Check out our latest image on instagram! | F91: 3861 | G91: 960 | H91: 101 | I91: 69498 | J91: 68817 | K91: 297 | L91: =SUM($F91:$H91) -> 4922 | M91: #PepsiCoRefresh | N91: #PepsiCoRefresh | Q91: DailyWellness | R91: =SUM(F91:H91)/I91 -> 0.070822182
A92: P091 | B92: Facebook | C92: 45740 | D92: Image | E92: Check out our latest image on facebook! | F92: 1263 | G92: 397 | H92: 357 | I92: 25260 | J92: 24615 | K92: 137 | L92: =SUM($F92:$H92) -> 2017 | M92: #ThirstyForMore | N92: #ThirstyForMore | Q92: DailyWellness | R92: =SUM(F92:H92)/I92 -> 0.079849565
A93: P092 | B93: Twitter | C93: 45586 | D93: Story | E93: Check out our latest story on twitter! | F93: 3801 | G93: 967 | H93: 401 | I93: 38010 | J93: 37625 | K93: 236 | L93: =SUM($F93:$H93) -> 5169 | M93: #LiveForNow | N93: #LiveForNow | Q93: NewYearRefresh | R93: =SUM(F93:H93)/I93 -> 0.13599053
A94: P093 | B94: Instagram | C94: 45637 | D94: Video | E94: Check out our latest video on instagram! | F94: 1431 | G94: 951 | H94: 26 | I94: 8586 | J94: 8396 | K94: 150 | L94: =SUM($F94:$H94) -> 2408 | M94: #ThirstyForMore | N94: #ThirstyForMore | Q94: NewYearRefresh | R94: =SUM(F94:H94)/I94 -> 0.28045656
A95: P094 | B95: Instagram | C95: 45603 | D95: Image | E95: Check out our latest image on instagram! | F95: 2647 | G95: 304 | H95: 170 | I95: 18529 | J95: 17841 | K95: 46 | L95: =SUM($F95:$H95) -> 3121 | M95: #LiveForNow | N95: #LiveForNow | Q95: NewYearRefresh | R95: =SUM(F95:H95)/I95 -> 0.16843866
A96: P095 | B96: Instagram | C96: 45604 | D96: Text | E96: Check out our latest text on instagram! | F96: 3182 | G96: 559 | H96: 160 | I96: 57276 | J96: 56890 | K96: 163 | L96: =SUM($F96:$H96) -> 3901 | M96: #LiveForNow | N96: #LiveForNow | Q96: DailyWellness | R96: =SUM(F96:H96)/I96 -> 0.068108806
A97: P096 | B97: Twitter | C97: 45545 | D97: Image | E97: Check out our latest image on twitter! | F97: 1238 | G97: 366 | H97: 444 | I97: 19808 | J97: 19334 | K97: 123 | L97: =SUM($F97:$H97) -> 2048 | M97: #LiveForNow | N97: #LiveForNow | Q97: Unassigned | R97: =SUM(F97:H97)/I97 -> 0.10339257
A98: P097 | B98: Instagram | C98: 45517 | D98: Image | E98: Check out our latest image on instagram! | F98: 4739 | G98: 527 | H98: 135 | I98: 61607 | J98: 61333 | K98: 36 | L98: =SUM($F98:$H98) -> 5401 | M98: #PepsiCoRefresh,#AnytimeIsPepsiTime | N98: #PepsiCoRefresh | O98: #AnytimeIsPepsiTime | Q98: FestiveRadiance | R98: =SUM(F98:H98)/I98 -> 0.087668609
A99: P098 | B99: Twitter | C99: 45453 | D99: Story | E99: Check out our latest story on twitter! | F99: 1575 | G99: 771 | H99: 486 | I99: 25200 | J99: 24826 | K99: 17 | L99: =SUM($F99:$H99) -> 2832 | M99: #LiveForNow | N99: #LiveForNow | Q99: DailyWellness | R99: =SUM(F99:H99)/I99 -> 0.11238095
A100: P099 | B100: YouTube | C100: 45475 | D100: Carousel | E100: Check out our latest carousel on youtube! | F100: 4171 | G100: 548 | H100: 86 | I100: 66736 | J100: 66634 | K100: 173 | L100: =SUM($F100:$H100) -> 4805 | M100: #LiveForNow | N100: #LiveForNow | Q100: NewYearRefresh | R100: =SUM(F100:H100)/I100 -> 0.07200012
A101: P100 | B101: YouTube | C101: 45698 | D101: Video | E101: Check out our latest video on youtube! | F101: 1766 | G101: 92 | H101: 424 | I101: 24724 | J101: 24333 | K101: 52 | L101: =SUM($F101:$H101) -> 2282 | M101: #ThirstyForMore | N101: #ThirstyForMore | Q101: Unassigned | R101: =SUM(F101:H101)/I101 -> 0.092298981
A102: P101 | B102: YouTube | C102: 45583 | D102: Video | E102: Check out our latest video on youtube! | F102: 4450 | G102: 983 | H102: 143 | I102: 75650 | J102: 75008 | K102: 12 | L102: =SUM($F102:$H102) -> 5576 | M102: #LiveForNow | N102: #LiveForNow | Q102: NewYearRefresh | R102: =SUM(F102:H102)/I102 -> 0.073707865
A103: P102 | B103: Twitter | C103: 45553 | D103: Reel | E103: Check out our latest reel on twitter! | F103: 1000 | G103: 978 | H103: 162 | I103: 6000 | J103: 5221 | K103: 223 | L103: =SUM($F103:$H103) -> 2140 | M103: #ThirstyForMore | N103: #ThirstyForMore | Q103: FestiveRadiance | R103: =SUM(F103:H103)/I103 -> 0.35666667
A104: P103 | B104: Facebook | C104: 45454 | D104: Image | E104: Check out our latest image on facebook! | F104: 3689 | G104: 48 | H104: 306 | I104: 40579 | J104: 39588 | K104: 212 | L104: =SUM($F104:$H104) -> 4043 | M104: #ThirstyForMore | N104: #ThirstyForMore | Q104: FestiveRadiance | R104: =SUM(F104:H104)/I104 -> 0.099632815
A105: P104 | B105: YouTube | C105: 45739 | D105: Story | E105: Check out our latest story on youtube! | F105: 3655 | G105: 568 | H105: 286 | I105: 32895 | J105: 32015 | K105: 199 | L105: =SUM($F105:$H105) -> 4509 | M105: #PepsiCoRefresh | N105: #PepsiCoRefresh | Q105: NewYearRefresh | R105: =SUM(F105:H105)/I105 -> 0.1370725
A106: P105 | B106: Instagram | C106: 45457 | D106: Carousel | E106: Check out our latest carousel on instagram! | F106: 498 | G106: 38 | H106: 42 | I106: 4482 | J106: 3647 | K106: 32 | L106: =SUM($F106:$H106) -> 578 | M106: #LiveForNow | N106: #LiveForNow | Q106: SummerSplash | R106: =SUM(F106:H106)/I106 -> 0.12896029
A107: P106 | B107: Instagram | C107: 45692 | D107: Image | E107: Check out our latest image on instagram! | F107: 4619 | G107: 821 | H107: 499 | I107: 69285 | J107: 69141 | K107: 298 | L107: =SUM($F107:$H107) -> 5939 | M107: #PepsiCoRefresh | N107: #PepsiCoRefresh | Q107: DailyWellness | R107: =SUM(F107:H107)/I107 -> 0.085718409
A108: P107 | B108: YouTube | C108: 45464 | D108: Image | E108: Check out our latest image on youtube! | F108: 4832 | G108: 893 | H108: 10 | I108: 91808 | J108: 91296 | K108: 182 | L108: =SUM($F108:$H108) -> 5735 | M108: #PepsiCoRefresh | N108: #PepsiCoRefresh | Q108: Unassigned | R108: =SUM(F108:H108)/I108 -> 0.062467323
A109: P108 | B109: Twitter | C109: 45741 | D109: Video | E109: Check out our latest video on twitter! | F109: 4050 | G109: 871 | H109: 347 | I109: 52650 | J109: 51755 | K109: 209 | L109: =SUM($F109:$H109) -> 5268 | M109: #PepsiCoRefresh | N109: #PepsiCoRefresh | Q109: FestiveRadiance | R109: =SUM(F109:H109)/I109 -> 0.10005698
A110: P109 | B110: Twitter | C110: 45512 | D110: Story | E110: Check out our latest story on twitter! | F110: 3649 | G110: 215 | H110: 413 | I110: 25543 | J110: 24963 | K110: 167 | L110: =SUM($F110:$H110) -> 4277 | M110: #LiveForNow | N110: #LiveForNow | Q110: NewYearRefresh | R110: =SUM(F110:H110)/I110 -> 0.16744314
... A115: P114 | B115: Twitter | C115: 45610 | D115: Story | E115: Check out our latest story on twitter! | F115: 4000 | G115: 689 | H115: 488 | I115: 40000 | J115: 39569 | K115: 44 | L115: =SUM($F115:$H115) -> 5177 | M115: #LiveForNow | N115: #LiveForNow | Q115: SummerSplash | R115: =SUM(F115:H115)/I115 -> 0.129425
A116: P115 | B116: Twitter | C116: 45788 | D116: Image | E116: Check out our latest image on twitter! | F116: 2493 | G116: 97 | H116: 44 | I116: 42381 | J116: 41991 | K116: 242 | L116: =SUM($F116:$H116) -> 2634 | M116: #PepsiCoRefresh,#AnytimeIsPepsiTime | N116: #PepsiCoRefresh | O116: #AnytimeIsPepsiTime | Q116: DailyWellness | R116: =SUM(F116:H116)/I116 -> 0.062150492
A117: P116 | B117: YouTube | C117: 45734 | D117: Reel | E117: Check out our latest reel on youtube! | F117: 3704 | G117: 186 | H117: 458 | I117: 25928 | J117: 25081 | K117: 131 | L117: =SUM($F117:$H117) -> 4348 | M117: #PepsiCoRefresh | N117: #PepsiCoRefresh | Q117: Unassigned | R117: =SUM(F117:H117)/I117 -> 0.16769516
A118: P117 | B118: Twitter | C118: 45600 | D118: Image | E118: Check out our latest image on twitter! | F118: 1606 | G118: 451 | H118: 405 | I118: 20878 | J118: 20190 | K118: 219 | L118: =SUM($F118:$H118) -> 2462 | M118: #ThirstyForMore | N118: #ThirstyForMore | Q118: DailyWellness | R118: =SUM(F118:H118)/I118 -> 0.11792317
A119: P118 | B119: Facebook | C119: 45600 | D119: Image | E119: Check out our latest image on facebook! | F119: 4551 | G119: 714 | H119: 207 | I119: 68265 | J119: 67754 | K119: 57 | L119: =SUM($F119:$H119) -> 5472 | M119: #LiveForNow | N119: #LiveForNow | Q119: NewYearRefresh | R119: =SUM(F119:H119)/I119 -> 0.080158207
A120: P119 | B120: Instagram | C120: 45695 | D120: Reel | E120: Check out our latest reel on instagram! | F120: 1970 | G120: 675 | H120: 478 | I120: 9850 | J120: 8924 | K120: 117 | L120: =SUM($F120:$H120) -> 3123 | M120: #LiveForNow | N120: #LiveForNow | Q120: Unassigned | R120: =SUM(F120:H120)/I120 -> 0.31705584
A121: P120 | B121: Facebook | C121: 45586 | D121: Story | E121: Check out our latest story on facebook! | F121: 780 | G121: 928 | H121: 301 | I121: 8580 | J121: 8081 | K121: 91 | L121: =SUM($F121:$H121) -> 2009 | M121: #ThirstyForMore | N121: #ThirstyForMore | Q121: NewYearRefresh | R121: =SUM(F121:H121)/I121 -> 0.23414918
A122: P121 | B122: Instagram | C122: 45502 | D122: Story | E122: Check out our latest story on instagram! | F122: 498 | G122: 701 | H122: 412 | I122: 4980 | J122: 4185 | K122: 185 | L122: =SUM($F122:$H122) -> 1611 | M122: #LiveForNow | N122: #LiveForNow | Q122: Unassigned | R122: =SUM(F122:H122)/I122 -> 0.32349398
A123: P122 | B123: Instagram | C123: 45567 | D123: Text | E123: Check out our latest text on instagram! | F123: 3432 | G123: 869 | H123: 123 | I123: 54912 | J123: 53916 | K123: 264 | L123: =SUM($F123:$H123) -> 4424 | M123: #ThirstyForMore | N123: #ThirstyForMore | Q123: FestiveRadiance | R123: =SUM(F123:H123)/I123 -> 0.080565268
A124: P123 | B124: Instagram | C124: 45457 | D124: Story | E124: Check out our latest story on instagram! | F124: 4363 | G124: 649 | H124: 140 | I124: 21815 | J124: 21481 | K124: 157 | L124: =SUM($F124:$H124) -> 5152 | M124: #ThirstyForMore | N124: #ThirstyForMore | Q124: SummerSplash | R124: =SUM(F124:H124)/I124 -> 0.23616777
A125: P124 | B125: YouTube | C125: 45753 | D125: Carousel | E125: Check out our latest carousel on youtube! | F125: 736 | G125: 771 | H125: 225 | I125: 5152 | J125: 4706 | K125: 19 | L125: =SUM($F125:$H125) -> 1732 | M125: #ThirstyForMore | N125: #ThirstyForMore | Q125: SummerSplash | R125: =SUM(F125:H125)/I125 -> 0.33618012
A126: P125 | B126: Twitter | C126: 45543 | D126: Carousel | E126: Check out our latest carousel on twitter! | F126: 3811 | G126: 866 | H126: 216 | I126: 34299 | J126: 34088 | K126: 233 | L126: =SUM($F126:$H126) -> 4893 | M126: #PepsiCoRefresh | N126: #PepsiCoRefresh | Q126: DailyWellness | R126: =SUM(F126:H126)/I126 -> 0.14265722
A127: P126 | B127: Instagram | C127: 45744 | D127: Carousel | E127: Check out our latest carousel on instagram! | F127: 4158 | G127: 167 | H127: 241 | I127: 45738 | J127: 45183 | K127: 142 | L127: =SUM($F127:$H127) -> 4566 | M127: #LiveForNow | N127: #LiveForNow | Q127: Unassigned | R127: =SUM(F127:H127)/I127 -> 0.099829463
A128: P127 | B128: Facebook | C128: 45684 | D128: Reel | E128: Check out our latest reel on facebook! | F128: 3452 | G128: 652 | H128: 442 | I128: 65588 | J128: 65049 | K128: 158 | L128: =SUM($F128:$H128) -> 4546 | M128: #LiveForNow | N128: #LiveForNow | Q128: NewYearRefresh | R128: =SUM(F128:H128)/I128 -> 0.069311459
... A140: P139 | B140: YouTube | C140: 45594 | D140: Text | E140: Check out our latest text on youtube! | F140: 2746 | G140: 156 | H140: 203 | I140: 32952 | J140: 32147 | K140: 147 | L140: =SUM($F140:$H140) -> 3105 | M140: #ThirstyForMore | N140: #ThirstyForMore | Q140: SummerSplash | R140: =SUM(F140:H140)/I140 -> 0.094227968
A141: P140 | B141: Facebook | C141: 45488 | D141: Image | E141: Check out our latest image on facebook! | F141: 2291 | G141: 78 | H141: 485 | I141: 18328 | J141: 18101 | K141: 10 | L141: =SUM($F141:$H141) -> 2854 | M141: #ThirstyForMore,#SmoothLikeNitroPepsi | N141: #ThirstyForMore | O141: #SmoothLikeNitroPepsi | Q141: FestiveRadiance | R141: =SUM(F141:H141)/I141 -> 0.15571803
A142: P141 | B142: Twitter | C142: 45535 | D142: Image | E142: Check out our latest image on twitter! | F142: 3170 | G142: 857 | H142: 379 | I142: 19020 | J142: 18559 | K142: 240 | L142: =SUM($F142:$H142) -> 4406 | M142: #LiveForNow | N142: #LiveForNow | Q142: Unassigned | R142: =SUM(F142:H142)/I142 -> 0.23165089
A143: P142 | B143: YouTube | C143: 45741 | D143: Story | E143: Check out our latest story on youtube! | F143: 2070 | G143: 275 | H143: 386 | I143: 39330 | J143: 38627 | K143: 114 | L143: =SUM($F143:$H143) -> 2731 | M143: #LiveForNow | N143: #LiveForNow | Q143: DailyWellness | R143: =SUM(F143:H143)/I143 -> 0.069438088
...

Sheet Posts_Table
A1: Post ID | B1: Platform | C1: Date | D1: Content Type | E1: Post Text | F1: Likes | G1: Shares | H1: Comments | I1: Impressions | J1: Reach | K1: Clicks | L1: Engagement | M1: Hashtags Used | N1: Campaign_Name | O1: Engagement_Rate | P1: Attribute | Q1: Hashtag
A2: P234 | B2: Facebook | C2: 45444 | D2: Text | E2: Check out our latest text on facebook! | F2: 1272 | G2: 465 | H2: 99 | I2: 24168 | J2: 23719 | K2: 42 | L2: =SUM(Table2_1[[#This Row],[Likes]:[Comments]]) -> 1836 | M2: #PepsiCoRefresh | N2: Unassigned | O2: 0.075968222 | P2: Hashtag 1 | Q2: #PepsiCoRefresh
A3: P202 | B3: Facebook | C3: 45445 | D3: Image | E3: Check out our latest image on facebook! | F3: 1871 | G3: 252 | H3: 335 | I3: 29936 | J3: 29576 | K3: 288 | L3: =SUM(Table2_1[[#This Row],[Likes]:[Comments]]) -> 2458 | M3: #ThirstyForMore | N3: NewYearRefresh | O3: 0.082108498 | P3: Hashtag 1 | Q3: #ThirstyForMore
A4: P220 | B4: Instagram | C4: 45445 | D4: Story | E4: Check out our latest story on instagram! | F4: 84 | G4: 897 | H4: 85 | I4: 588 | J4: 8 | K4: 12 | L4: =SUM(Table2_1[[#This Row],[Likes]:[Comments]]) -> 1066 | M4: #ThirstyForMore | N4: Unassigned | O4: 1.8129252 | P4: Hashtag 1 | Q4: #ThirstyForMore
A5: P090 | B5: Instagram | C5: 45446 | D5: Image | E5: Check out our latest image on instagram! | F5: 3861 | G5: 960 | H5: 101 | I5: 69498 | J5: 68817 | K5: 297 | L5: =SUM(Table2_1[[#This Row],[Likes]:[Comments]]) -> 4922 | M5: #PepsiCoRefresh | N5: DailyWellness | O5: 0.070822182 | P5: Hashtag 1 | Q5: #PepsiCoRefresh
A6: P146 | B6: YouTube | C6: 45448 | D6: Reel | E6: Check out our latest reel on youtube! | F6: 3065 | G6: 772 | H6: 142 | I6: 18390 | J6: 17875 | K6: 200 | L6: =SUM(Table2_1[[#This Row],[Likes]:[Comments]]) -> 3979 | M6: #ThirstyForMore,#AnytimeIsPepsiTime | N6: Unassigned | O6: 0.21636759 | P6: Hashtag 1 | Q6: #ThirstyForMore
A7: P146 | B7: YouTube | C7: 45448 | D7: Reel | E7: Check out our latest reel on youtube! | F7: 3065 | G7: 772 | H7: 142 | I7: 18390 | J7: 17875 | K7: 200 | L7: =SUM(Table2_1[[#This Row],[Likes]:[Comments]]) -> 3979 | M7: #ThirstyForMore,#AnytimeIsPepsiTime | N7: Unassigned | O7: 0.21636759 | P7: Hashtag 2 | Q7: #AnytimeIsPepsiTime
A8: P087 | B8: Twitter | C8: 45449 | D8: Video | E8: Check out our latest video on twitter! | F8: 1436 | G8: 765 | H8: 496 | I8: 12924 | J8: 12701 | K8: 197 | L8: =SUM(Table2_1[[#This Row],[Likes]:[Comments]]) -> 2697 | M8: #LiveForNow | N8: NewYearRefresh | O8: 0.20868152 | P8: Hashtag 1 | Q8: #LiveForNow
A9: P188 | B9: YouTube | C9: 45449 | D9: Reel | E9: Check out our latest reel on youtube! | F9: 2728 | G9: 533 | H9: 215 | I9: 40920 | J9: 40816 | K9: 137 | L9: =SUM(Table2_1[[#This Row],[Likes]:[Comments]]) -> 3476 | M9: #LiveForNow | N9: FestiveRadiance | O9: 0.084946237 | P9: Hashtag 1 | Q9: #LiveForNow
A10: P276 | B10: Twitter | C10: 45450 | D10: Carousel | E10: Check out our latest carousel on twitter! | F10: 1556 | G10: 195 | H10: 131 | I10: 9336 | J10: 8875 | K10: 137 | L10: =SUM(Table2_1[[#This Row],[Likes]:[Comments]]) -> 1882 | M10: #PepsiCoRefresh | N10: FestiveRadiance | O10: 0.20158526 | P10: Hashtag 1 | Q10: #PepsiCoRefresh
A11: P049 | B11: Twitter | C11: 45453 | D11: Story | E11: Check out our latest story on twitter! | F11: 2164 | G11: 549 | H11: 274 | I11: 28132 | J11: 27361 | K11: 177 | L11: =SUM(Table2_1[[#This Row],[Likes]:[Comments]]) -> 2987 | M11: #PepsiCoRefresh | N11: DailyWellness | O11: 0.10617802 | P11: Hashtag 1 | Q11: #PepsiCoRefresh
A12: P098 | B12: Twitter | C12: 45453 | D12: Story | E12: Check out our latest story on twitter! | F12: 1575 | G12: 771 | H12: 486 | I12: 25200 | J12: 24826 | K12: 17 | L12: =SUM(Table2_1[[#This Row],[Likes]:[Comments]]) -> 2832 | M12: #LiveForNow | N12: DailyWellness | O12: 0.11238095 | P12: Hashtag 1 | Q12: #LiveForNow
A13: P103 | B13: Facebook | C13: 45454 | D13: Image | E13: Check out our latest image on facebook! | F13: 3689 | G13: 48 | H13: 306 | I13: 40579 | J13: 39588 | K13: 212 | L13: =SUM(Table2_1[[#This Row],[Likes]:[Comments]]) -> 4043 | M13: #ThirstyForMore | N13: FestiveRadiance | O13: 0.099632815 | P13: Hashtag 1 | Q13: #ThirstyForMore
... A340: P293 | B340: Facebook | C340: 45791 | D340: Text | E340: Check out our latest text on facebook! | F340: 2634 | G340: 726 | H340: 241 | I340: 28974 | J340: 28102 | K340: 277 | L340: =SUM(Table2_1[[#This Row],[Likes]:[Comments]]) -> 3601 | M340: #ThirstyForMore | N340: SummerSplash | O340: 0.12428384 | P340: Hashtag 1 | Q340: #ThirstyForMore

Sheet Engagement Summary
A1: Week_Start_Date | B1: Platform | C1: New_Followers | D1: Unfollows | E1: Total_Followers | F1: Engagement_Rate | G1: Ad_Spend | H1: Net Growth
A2: 45446 | B2: Instagram | C2: 1135 | D2: 88 | E2: 344084 | F2: 8.06 | G2: 5904 | H2: =C2-D2 -> 1047
A3: 45446 | B3: Facebook | C3: 1312 | D3: 310 | E3: 42654 | F3: 4.98 | G3: 9566 | H3: =C3-D3 -> 1002
A4: 45446 | B4: Twitter | C4: 584 | D4: 169 | E4: 146834 | F4: 8.31 | G4: 26752 | H4: =C4-D4 -> 415
A5: 45446 | B5: YouTube | C5: 1535 | D5: 445 | E5: 395536 | F5: 4.11 | G5: 30671 | H5: =C5-D5 -> 1090
A6: 45453 | B6: Instagram | C6: 656 | D6: 139 | E6: 49157 | F6: 9.05 | G6: 9920 | H6: =C6-D6 -> 517
A7: 45453 | B7: Facebook | C7: 1697 | D7: 414 | E7: 316555 | F7: 2.37 | G7: 7924 | H7: =C7-D7 -> 1283
A8: 45453 | B8: Twitter | C8: 436 | D8: 250 | E8: 254347 | F8: 4.01 | G8: 8912 | H8: =C8-D8 -> 186
A9: 45453 | B9: YouTube | C9: 1197 | D9: 203 | E9: 413878 | F9: 3.16 | G9: 21205 | H9: =C9-D9 -> 994
A10: 45460 | B10: Instagram | C10: 1048 | D10: 155 | E10: 456946 | F10: 2.46 | G10: 11329 | H10: =C10-D10 -> 893
A11: 45460 | B11: Facebook | C11: 1753 | D11: 371 | E11: 169496 | F11: 8.11 | G11: 46670 | H11: =C11-D11 -> 1382
A12: 45460 | B12: Twitter | C12: 1335 | D12: 40 | E12: 122732 | F12: 8.19 | G12: 22482 | H12: =C12-D12 -> 1295
A13: 45460 | B13: YouTube | C13: 403 | D13: 66 | E13: 382851 | F13: 3.49 | G13: 24313 | H13: =C13-D13 -> 337
... A201: 45789 | B201: YouTube | C201: 119 | D201: 456 | E201: 82558 | F201: 6.81 | G201: 12174 | H201: =C201-D201 -> -337

Sheet Campaign Metadata
A1: Campaign_Name | B1: Start_Date | C1: End_Date | D1: Objective | E1: Total_Budget | F1: Target_Platforms | G1: Primary_Hashtags | H1: Hashtag 1 | I1: Hashtag 2 | J1: Avg_Eng_Rate_Before | K1: Avg_Eng_Rate_During | L1: Uplift % | M1: Total Engagement | N1: ROI | O1: Total Growth | P1: Avg Weekly Growth
A2: SummerSplash | B2: 45458 | C2: 45488 | D2: Brand Awareness | E2: 150000 | F2: Instagram,Facebook | G2: #ThirstyForMore,#PepsiCoRefresh | H2: #ThirstyForMore | I2: #PepsiCoRefresh | J2: =AVERAGEIFS(Posts!$R$2:$R$301,Posts!$Q$2:$Q$301,'Campaign Metadata'!$A2,Posts!$C$2:$C$301, "<" & 'Campaign Metadata'!$B2) -> 0.18256403 | K2: =AVERAGEIFS(Posts!$R$2:$R$301,Posts!$Q$2:$Q$301,'Campaign Metadata'!$A2,Posts!$C$2:$C$301, ">=" & 'Campaign Metadata'!$B2, Posts!$C$2:$C$301,"<="&'Campaign Metadata'!$C2) -> 0.077296913 | L2: =((K2-J2)/J2)*100 -> -57.660382 | M2: =SUMIF(Table1!$A$2:$A$9,'Campaign Metadata'!$A2,Table1!$K$2:$K$8) -> 95356 | N2: =M2/E2 -> 0.63570667 | O2: =SUMIFS('Engagement Summary'!$H$2:$H$201,'Engagement Summary'!$A$2:$A$201,">=" & 'Campaign Metadata'!$B2,'Engagement Summary'!$A$2:$A$201,"<=" & 'Campaign Metadata'!$C2) -> 13523 | P2: =O2/((C2-B2+1)/7) -> 3053.5806
A3: FestiveRadiance | B3: 45566 | C3: 45596 | D3: Engagement | E3: 200000 | F3: Instagram,YouTube | G3: #AnytimeIsPepsiTime, | H3: #AnytimeIsPepsiTime | J3: =AVERAGEIFS(Posts!$R$2:$R$301,Posts!$Q$2:$Q$301,'Campaign Metadata'!$A3,Posts!$C$2:$C$301, "<" & 'Campaign Metadata'!$B3) -> 0.12623972 | K3: =AVERAGEIFS(Posts!$R$2:$R$301,Posts!$Q$2:$Q$301,'Campaign Metadata'!$A3,Posts!$C$2:$C$301, ">=" & 'Campaign Metadata'!$B3, Posts!$C$2:$C$301,"<="&'Campaign Metadata'!$C3) -> 0.15063545 | L3: =((K3-J3)/J3)*100 -> 19.324926 | M3: =SUMIF(Table1!$A$2:$A$9,'Campaign Metadata'!$A3,Table1!$K$2:$K$8) -> 112836 | N3: =M3/E3 -> 0.56418 | O3: =SUMIFS('Engagement Summary'!$H$2:$H$201,'Engagement Summary'!$A$2:$A$201,">=" & 'Campaign Metadata'!$B3,'Engagement Summary'!$A$2:$A$201,"<=" & 'Campaign Metadata'!$C3) -> 11092 | P3: =O3/((C3-B3+1)/7) -> 2504.6452
A4: NewYearRefresh | B4: 45651 | C4: 45667 | D4: Product Launch | E4: 250000 | F4: Facebook,Twitter | G4: #SmoothLikeNitroPepsi | H4: #SmoothLikeNitroPepsi | J4: =AVERAGEIFS(Posts!$R$2:$R$301,Posts!$Q$2:$Q$301,'Campaign Metadata'!$A4,Posts!$C$2:$C$301, "<" & 'Campaign Metadata'!$B4) -> 0.1474176 | K4: =AVERAGEIFS(Posts!$R$2:$R$301,Posts!$Q$2:$Q$301,'Campaign Metadata'!$A4,Posts!$C$2:$C$301, ">=" & 'Campaign Metadata'!$B4, Posts!$C$2:$C$301,"<="&'Campaign Metadata'!$C4) -> 0.20610363 | L4: =((K4-J4)/J4)*100 -> 39.809376 | M4: =SUMIF(Table1!$A$2:$A$9,'Campaign Metadata'!$A4,Table1!$K$2:$K$8) -> 136746 | N4: =M4/E4 -> 0.546984 | O4: =SUMIFS('Engagement Summary'!$H$2:$H$201,'Engagement Summary'!$A$2:$A$201,">=" & 'Campaign Metadata'!$B4,'Engagement Summary'!$A$2:$A$201,"<=" & 'Campaign Metadata'!$C4) -> 10087 | P4: =O4/((C4-B4+1)/7) -> 4153.4706
A5: DailyWellness | B5: 45717 | C5: 45747 | D5: Traffic | E5: 180000 | F5: Instagram,Twitter | G5: #BetterWithPepsi,#LiveForNow | H5: #BetterWithPepsi | I5: #LiveForNow | J5: =AVERAGEIFS(Posts!$R$2:$R$301,Posts!$Q$2:$Q$301,'Campaign Metadata'!$A5,Posts!$C$2:$C$301, "<" & 'Campaign Metadata'!$B5) -> 0.13753714 | K5: =AVERAGEIFS(Posts!$R$2:$R$301,Posts!$Q$2:$Q$301,'Campaign Metadata'!$A5,Posts!$C$2:$C$301, ">=" & 'Campaign Metadata'!$B5, Posts!$C$2:$C$301,"<="&'Campaign Metadata'!$C5) -> 0.11210141 | L5: =((K5-J5)/J5)*100 -> -18.493722 | M5: =SUMIF(Table1!$A$2:$A$9,'Campaign Metadata'!$A5,Table1!$K$2:$K$8) -> 129604 | N5: =M5/E5 -> 0.72002222 | O5: =SUMIFS('Engagement Summary'!$H$2:$H$201,'Engagement Summary'!$A$2:$A$201,">=" & 'Campaign Metadata'!$B5,'Engagement Summary'!$A$2:$A$201,"<=" & 'Campaign Metadata'!$C5) -> 16078 | P5: =O5/((C5-B5+1)/7) -> 3630.5161

Sheet Table1
A1: Campaign_Name | B1: Start_Date | C1: End_Date | D1: Objective | E1: Total_Budget | F1: Primary_Hashtags | G1: Hashtag 1 | H1: Hashtag 2 | I1: Attribute | J1: Value | K1: Total Engagement
A2: SummerSplash | B2: 45458 | C2: 45488 | D2: Brand Awareness | E2: 150000 | F2: #ThirstyForMore,#PepsiCoRefresh | G2: #ThirstyForMore | H2: #PepsiCoRefresh | I2: Target_Platforms | J2: Instagram | K2: =SUMIFS(Posts!$L$2:$L$301,Posts!$Q$2:$Q$301,Table1!$A2,Posts!$B$2:$B$301,Table1!$J2) -> 55453
A3: SummerSplash | B3: 45458 | C3: 45488 | D3: Brand Awareness | E3: 150000 | F3: #ThirstyForMore,#PepsiCoRefresh | G3: #ThirstyForMore | H3: #PepsiCoRefresh | I3: Platform | J3: Facebook | K3: =SUMIFS(Posts!$L$2:$L$301,Posts!$Q$2:$Q$301,Table1!$A3,Posts!$B$2:$B$301,Table1!$J3) -> 39903
A4: FestiveRadiance | B4: 45566 | C4: 45596 | D4: Engagement | E4: 200000 | F4: #AnytimeIsPepsiTime, | G4: #AnytimeIsPepsiTime | I4: Target_Platforms | J4: Instagram | K4: =SUMIFS(Posts!$L$2:$L$301,Posts!$Q$2:$Q$301,Table1!$A4,Posts!$B$2:$B$301,Table1!$J4) -> 60551
A5: FestiveRadiance | B5: 45566 | C5: 45596 | D5: Engagement | E5: 200000 | F5: #AnytimeIsPepsiTime, | G5: #AnytimeIsPepsiTime | I5: Platform | J5: YouTube | K5: =SUMIFS(Posts!$L$2:$L$301,Posts!$Q$2:$Q$301,Table1!$A5,Posts!$B$2:$B$301,Table1!$J5) -> 52285
A6: NewYearRefresh | B6: 45651 | C6: 45667 | D6: Product Launch | E6: 250000 | F6: #SmoothLikeNitroPepsi | G6: #SmoothLikeNitroPepsi | I6: Target_Platforms | J6: Facebook | K6: =SUMIFS(Posts!$L$2:$L$301,Posts!$Q$2:$Q$301,Table1!$A6,Posts!$B$2:$B$301,Table1!$J6) -> 89114
A7: NewYearRefresh | B7: 45651 | C7: 45667 | D7: Product Launch | E7: 250000 | F7: #SmoothLikeNitroPepsi | G7: #SmoothLikeNitroPepsi | I7: Platform | J7: Twitter | K7: =SUMIFS(Posts!$L$2:$L$301,Posts!$Q$2:$Q$301,Table1!$A7,Posts!$B$2:$B$301,Table1!$J7) -> 47632
A8: DailyWellness | B8: 45717 | C8: 45747 | D8: Traffic | E8: 180000 | F8: #BetterWithPepsi,#LiveForNow | G8: #BetterWithPepsi | H8: #LiveForNow | I8: Target_Platforms | J8: Instagram | K8: =SUMIFS(Posts!$L$2:$L$301,Posts!$Q$2:$Q$301,Table1!$A8,Posts!$B$2:$B$301,Table1!$J8) -> 54374
A9: DailyWellness | B9: 45717 | C9: 45747 | D9: Traffic | E9: 180000 | F9: #BetterWithPepsi,#LiveForNow | G9: #BetterWithPepsi | H9: #LiveForNow | I9: Platform | J9: Twitter | K9: =SUMIFS(Posts!$L$2:$L$301,Posts!$Q$2:$Q$301,Table1!$A9,Posts!$B$2:$B$301,Table1!$J9) -> 75230

Sheet Task 1
A1: Task 1 | B1: Data Preprocessing and Cleaning
A3: 1. Using the Data tab and Conditional Formatting, I checked for duplicates, but none were found.
A5: 2.In the sheets Engagement Summary and Campaign Metadata, the dates were initially stored as text, so I reformatted them into proper date values using the Number group in the Home tab. I also standardized the platform names to maintain consistency.
A7: 3. Ensured that columns such as Likes, Shares, Comments, and Reach were properly formatted as numbers or currency, wherever applicable.
A9: 4. Using the Data tab, I split the data based on different hashtags and replaced the blank values in the Campaign column with 'Unassigned'.

Sheet Task 2
A1: Task 2 | B1: Engagement Analysis
A4: Question 1- To calculate the average engagement rate per platform | B4: Platform | C4: Average_Engagement_Rate | F4: Formula Used
B5: Facebook | C5: =AVERAGEIF(Posts!B2:B301,'Task 2'!B5,Posts!R2:R301) -> 0.1219729 | F5: =AVERAGEIF(Posts!B2:B301,'Task 2'!B5,Posts!Q2:Q301)
B6: Instagram | C6: =AVERAGEIF(Posts!B3:B302,'Task 2'!B6,Posts!R3:R302) -> 0.19329258
B7: Twitter | C7: =AVERAGEIF(Posts!B4:B303,'Task 2'!B7,Posts!R4:R303) -> 0.14524915
B8: YouTube | C8: =AVERAGEIF(Posts!B5:B304,'Task 2'!B8,Posts!R5:R304) -> 0.13248931
A11: Question 2- Identify top 10 posts with highest engagement. | B11: Post ID | C11: Engagement_Rate | F11: Formula Used
B12: =INDEX(Posts!$A$2:$A$301,MATCH(LARGE(Posts!$R$2:$R$301,ROW(Posts!A1)),Posts!$R$2:$R$301,0)) -> P220 | C12: =INDEX(Posts!$R$2:$R$301,MATCH('Task 2'!B12,Posts!$A$2:$A$301,0)) -> 1.8129252 | E12: Post ID | F12: =INDEX(Posts!$A$2:$A$301,MATCH(LARGE(Posts!$Q$2:$Q$301,ROW(Posts!A1)),Posts!$Q$2:$Q$301,0))
B13: =INDEX(Posts!$A$2:$A$301,MATCH(LARGE(Posts!$R$2:$R$301,ROW(Posts!A2)),Posts!$R$2:$R$301,0)) -> P058 | C13: =INDEX(Posts!$R$2:$R$301,MATCH('Task 2'!B13,Posts!$A$2:$A$301,0)) -> 0.86601942
B14: =INDEX(Posts!$A$2:$A$301,MATCH(LARGE(Posts!$R$2:$R$301,ROW(Posts!A3)),Posts!$R$2:$R$301,0)) -> P232 | C14: =INDEX(Posts!$R$2:$R$301,MATCH('Task 2'!B14,Posts!$A$2:$A$301,0)) -> 0.71686747 | E14: Engagement_Rate | F14: =INDEX(Posts!$Q$2:$Q$301,MATCH('Task 2'!B12,Posts!$A$2:$A$301,0))
B15: =INDEX(Posts!$A$2:$A$301,MATCH(LARGE(Posts!$R$2:$R$301,ROW(Posts!A4)),Posts!$R$2:$R$301,0)) -> P178 | C15: =INDEX(Posts!$R$2:$R$301,MATCH('Task 2'!B15,Posts!$A$2:$A$301,0)) -> 0.70387597
B16: =INDEX(Posts!$A$2:$A$301,MATCH(LARGE(Posts!$R$2:$R$301,ROW(Posts!A5)),Posts!$R$2:$R$301,0)) -> P175 | C16: =INDEX(Posts!$R$2:$R$301,MATCH('Task 2'!B16,Posts!$A$2:$A$301,0)) -> 0.6508216
B17: =INDEX(Posts!$A$2:$A$301,MATCH(LARGE(Posts!$R$2:$R$301,ROW(Posts!A6)),Posts!$R$2:$R$301,0)) -> P062 | C17: =INDEX(Posts!$R$2:$R$301,MATCH('Task 2'!B17,Posts!$A$2:$A$301,0)) -> 0.53773585
B18: =INDEX(Posts!$A$2:$A$301,MATCH(LARGE(Posts!$R$2:$R$301,ROW(Posts!A7)),Posts!$R$2:$R$301,0)) -> P264 | C18: =INDEX(Posts!$R$2:$R$301,MATCH('Task 2'!B18,Posts!$A$2:$A$301,0)) -> 0.53389831
B19: =INDEX(Posts!$A$2:$A$301,MATCH(LARGE(Posts!$R$2:$R$301,ROW(Posts!A8)),Posts!$R$2:$R$301,0)) -> P143 | C19: =INDEX(Posts!$R$2:$R$301,MATCH('Task 2'!B19,Posts!$A$2:$A$301,0)) -> 0.50192308
B20: =INDEX(Posts!$A$2:$A$301,MATCH(LARGE(Posts!$R$2:$R$301,ROW(Posts!A9)),Posts!$R$2:$R$301,0)) -> P210 | C20: =INDEX(Posts!$R$2:$R$301,MATCH('Task 2'!B20,Posts!$A$2:$A$301,0)) -> 0.48518408
B21: =INDEX(Posts!$A$2:$A$301,MATCH(LARGE(Posts!$R$2:$R$301,ROW(Posts!A10)),Posts!$R$2:$R$301,0)) -> P070 | C21: =INDEX(Posts!$R$2:$R$301,MATCH('Task 2'!B21,Posts!$A$2:$A$301,0)) -> 0.38274707
A24: Question 3- Create a Pivot Table
A25: a. Total Likes, Shares, and Comments by Content Type and Platform. | C25: Platforms
C26: Facebook | F26: Instagram | I26: Twitter | L26: YouTube
B27: Content Type | C27: Total Likes | D27: Total Shares | E27: Total Comments | F27: Total Likes | G27: Total Shares | H27: Total Comments | I27: Total Likes | J27: Total Shares | K27: Total Comments | L27: Total Likes | M27: Total Shares | N27: Total Comments
B28: Carousel | C28: 44476 | D28: 7400 | E28: 4589 | F28: 43948 | G28: 6975 | H28: 3890 | I28: 48649 | J28: 5791 | K28: 3607 | L28: 24926 | M28: 6305 | N28: 2422
B29: Image | C29: 71602 | D29: 12904 | E29: 6495 | F29: 34202 | G29: 5286 | H29: 2655 | I29: 43761 | J29: 7110 | K29: 5125 | L29: 23903 | M29: 4310 | N29: 2077
B30: Reel | C30: 36368 | D30: 5964 | E30: 3353 | F30: 32148 | G30: 8110 | H30: 3386 | I30: 27029 | J30: 4550 | K30: 1913 | L30: 32400 | M30: 4577 | N30: 2668
B31: Story | C31: 29405 | D31: 4950 | E31: 3223 | F31: 42649 | G31: 10049 | H31: 3846 | I31: 20466 | J31: 5090 | K31: 3026 | L31: 31968 | M31: 3866 | N31: 2012
B32: Text | C32: 31963 | D32: 4792 | E32: 3377 | F32: 25567 | G32: 5112 | H32: 1946 | I32: 31899 | J32: 4861 | K32: 3910 | L32: 27067 | M32: 3928 | N32: 1052
B33: Video | C33: 28947 | D33: 3171 | E33: 2263 | F33: 25770 | G33: 5912 | H33: 2128 | I33: 29593 | J33: 6326 | K33: 3299 | L33: 31285 | M33: 5586 | N33: 2589
B34: Grand Total | C34: 242761 | D34: 39181 | E34: 23300 | F34: 204284 | G34: 41444 | H34: 17851 | I34: 201397 | J34: 33728 | K34: 20880 | L34: 171549 | M34: 28572 | N34: 12820
A37: b.Average Clicks per post by Hashtag. | B37: Hashtags | C37: Average Clicks
A38: Here, to find Average clicks per post by Hashtag. First I need to Unpivot the Hashtag column so that different Hashtags has their respective values assigned. To do the I created Post_Table which has the respective Hashtag values. | B38: #AnytimeIsPepsiTime | C38: 161.2
B39: #BetterWithPepsi | C39: 114.85714
B40: #LiveForNow | C40: 144.03883
B41: #PepsiCoRefresh | C41: 158.65421
B42: #SmoothLikeNitroPepsi | C42: 111.8
B43: #ThirstyForMore | C43: 151.52941
B44: Grand Total | C44: 150.58702
A47: Question 4- Highlight top-performing hashtags using a formula-based ranking. | B47: =B37 -> Hashtags | C47: =C37 -> Average Clicks | D47: Rank | G47: Formula Used
B48: =B38 -> #AnytimeIsPepsiTime | C48: =C38 -> 161.2 | D48: =_xlfn.RANK.EQ(C48,$C$48:$C$53,0) -> 1 | G48: =RANK.EQ(C48,$C$48:$C$53,0)
B49: =B39 -> #BetterWithPepsi | C49: =C39 -> 114.85714 | D49: =_xlfn.RANK.EQ(C49,$C$48:$C$53,0) -> 5
A50: Used conditional formatting for highlighting the top 3 performing hashtag. | B50: =B40 -> #LiveForNow | C50: =C40 -> 144.03883 | D50: =_xlfn.RANK.EQ(C50,$C$48:$C$53,0) -> 4
B51: =B41 -> #PepsiCoRefresh | C51: =C41 -> 158.65421 | D51: =_xlfn.RANK.EQ(C51,$C$48:$C$53,0) -> 2
B52: =B42 -> #SmoothLikeNitroPepsi | C52: =C42 -> 111.8 | D52: =_xlfn.RANK.EQ(C52,$C$48:$C$53,0) -> 6
B53: =B43 -> #ThirstyForMore | C53: =C43 -> 151.52941 | D53: =_xlfn.RANK.EQ(C53,$C$48:$C$53,0) -> 3

Sheet Task 3
A1: Task 3 | B1: Social Media Platform analysis
A4: Question 1- Identify which Platform generates the highest engagement. | C4: Platform | D4: Total Engagement | E4: Average Engagement_Rate
C5: Facebook | D5: 305242 | E5: 0.1219729
C6: Instagram | D6: 263579 | E6: 0.19329258
C7: Twitter | D7: 256005 | E7: 0.14368407
C8: YouTube | D8: 212941 | E8: 0.13118494
C9: Grand Total | D9: 1037767 | E9: 0.14828272
A13: Question 2- Compare Growth rates of followers across different platforms. | C13: start_week | D13: end_week | F13: Growth Rate | K13: Formula Used | L13: =(end_follower-start_follower)/start_follower
C14: 45446 | D14: 45789 | F14: platform | G14: start_follower | H14: end_follower | I14: growth rate
F15: Instagram | G15: 344084 | H15: 468301 | I15: =(H15-G15)/G15 -> 0.36100778
F16: Facebook | G16: 42654 | H16: 364820 | I16: =(H16-G16)/G16 -> 7.5530079
F17: Twitter | G17: 146834 | H17: 456298 | I17: =(H17-G17)/G17 -> 2.1075773
F18: YouTube | G18: 395536 | H18: 82558 | I18: =(H18-G18)/G18 -> -0.79127564
A32: Question 3- Visualize the engagement by ad spend across Platform. | C32: Platform | D32: Total_Engagement | E32: Total_Ad_Spend | F32: Engagement_per_Rupee | H32: Formula Used
C33: Facebook | D33: 305242 | E33: 1379539 | F33: =D33/E33 -> 0.22126377 | H33: =Total_Engagement/Total_Ad_Spend
C34: Instagram | D34: 263579 | E34: 1164373 | F34: =D34/E34 -> 0.2263699
C35: Twitter | D35: 256005 | E35: 1060357 | F35: =D35/E35 -> 0.24143284
C36: YouTube | D36: 212941 | E36: 1228647 | F36: =D36/E36 -> 0.17331341
A58: QUESTION 4- Advise whether to focus on 1–2 core platforms or continue multi-platform strategy. Justify the opinion by the analysis.

Sheet Task 4
A1: Task 4 | B1: Hashtag & Content Strategy
A2: Question 1 - a) Most frequently used hashtags. | C2: Hashtags | D2: Times Used
C3: #AnytimeIsPepsiTime | D3: 15
C4: #BetterWithPepsi | D4: 7
C5: #LiveForNow | D5: 103
C6: #PepsiCoRefresh | D6: 107
C7: #SmoothLikeNitroPepsi | D7: 5
C8: #ThirstyForMore | D8: 102
C9: Grand Total | D9: 339
A12: Question 1 - b) Average performance (likes, comments) of posts containing each hashtag.
C13: Hashtags | D13: Average Likes | E13: Average Comments | F13: Average Shares | G13: Average Clicks
C14: #AnytimeIsPepsiTime | D14: 2219.6 | E14: 257.4 | F14: 423.93333 | G14: 161.2
C15: #BetterWithPepsi | D15: 3451.7143 | E15: 151 | F15: 540.57143 | G15: 114.85714
C16: #LiveForNow | D16: 2634.7184 | E16: 262.50485 | F16: 508.63107 | G16: 144.03883
C17: #PepsiCoRefresh | D17: 2705.1028 | E17: 254.18692 | F17: 458.01869 | G17: 158.65421
C18: #SmoothLikeNitroPepsi | D18: 3127.8 | E18: 283.4 | F18: 356.2 | G18: 111.8
C19: #ThirstyForMore | D19: 2838.8039 | E19: 230.95098 | F19: 464.96078 | G19: 151.52941
C20: Grand Total | D20: 2724.115 | E20: 248.16519 | F20: 474.17994 | G20: 150.58702
C22: In terms of Avg of Likes and Shares, #BetterWithPepsi has performed better than some of the most frequently used Hashtags.
A26: Question 2- Compare performance of videos vs. images vs. carousels across platforms. | C26: Average Engagement_Rate | D26: Platform
C27: Content Type | D27: Facebook | E27: Instagram | F27: Twitter | G27: YouTube
C28: Carousel | D28: 0.1182059 | E28: 0.14358583 | F28: 0.14537055 | G28: 0.19045606
C29: Image | D29: 0.11745425 | E29: 0.13475594 | F29: 0.14530583 | G29: 0.15035568
C30: Video | D30: 0.12378368 | E30: 0.20035942 | F30: 0.11228207 | G30: 0.12194863
A33: Question 3- Recommend which content types should be prioritized on which platform.

Sheet Task 5
A1: Task 5 | B1: Campaign Effectiveness
A4: Question 1- a) Total and average impressions, likes, and clicks per campaign. | C4: Campaign_Name | D4: Total Impressions | E4: Average Impressions | F4: Total Likes | G4: Average Likes | H4: Total Clicks | I4: Average Clicks
C5: DailyWellness | D5: 2464864 | E5: 34716.394 | F5: 187909 | G5: 2646.6056 | H5: 10689 | I5: 150.5493
C6: FestiveRadiance | D6: 1986356 | E6: 34247.517 | F6: 159783 | G6: 2754.8793 | H6: 9872 | I6: 170.2069
C7: NewYearRefresh | D7: 2266053 | E7: 33821.687 | F7: 183346 | G7: 2736.5075 | H7: 10032 | I7: 149.73134
C8: SummerSplash | D8: 1846272 | E8: 38464 | F8: 138793 | G8: 2891.5208 | H8: 6434 | I8: 134.04167
C9: Grand Total | D9: 8563545 | E9: 35096.496 | F9: 669831 | G9: 2745.209 | H9: 37027 | I9: 151.75
A14: Question 2- b) Engagement uplift during vs. before the campaign period. | C14: Campaign_Name | D14: Avg_Eng_Rate_Before | E14: Avg_Eng_Rate_During | F14: Uplift % | I14: Formula Used
C15: SummerSplash | D15: 0.18256403 | E15: 0.077296913 | F15: -57.660382 | G15: Avg_Eng_Rate_Before | I15: =AVERAGEIFS(Posts!$R$2:$R$301,Posts!$Q$2:$Q$301,'Campaign Metadata'!$A2,Posts!$C$2:$C$301, "<" & 'Campaign Metadata'!$B2)
C16: FestiveRadiance | D16: 0.12623972 | E16: 0.15063545 | F16: 19.324926 | G16: Avg_Eng_Rate_During | I16: =AVERAGEIFS(Posts!$R$2:$R$301,Posts!$Q$2:$Q$301,'Campaign Metadata'!$A2,Posts!$C$2:$C$301, ">=" & 'Campaign Metadata'!$B2, Posts!$C$2:$C$301,"<="&'Campaign Metadata'!$C2)
C17: NewYearRefresh | D17: 0.1474176 | E17: 0.20610363 | F17: 39.809376
C18: DailyWellness | D18: 0.13753714 | E18: 0.11210141 | F18: -18.493722 | G18: Uplift % | I18: =((Avg_Eng_Rate_During-Avg_Eng_Rate_Before)/Avg_Eng_Rate_Before)*100
A23: Question 2- a) Which campaign had the highest ROI in terms of engagement vs. budget.
C24: Campaign_Name | D24: ROI | F24: Formula Used
C25: SummerSplash | D25: 0.63570667 | F25: ROI = Total_Engagement/Total_Budget
C26: FestiveRadiance | D26: 0.56418
C27: NewYearRefresh | D27: 0.546984
C28: DailyWellness | D28: 0.72002222
A32: Question 2- b) Which campaign had the strongest follower growth impact. | C32: Campaign_Name | D32: Total Net Growth | E32: Avg Weekly Growth
C33: SummerSplash | D33: 13523 | E33: 3053.5806
C34: FestiveRadiance | D34: 11092 | E34: 2504.6452
C35: NewYearRefresh | D35: 10087 | E35: 4153.4706
C36: DailyWellness | D36: 16078 | E36: 3630.5161

Sheet Task 6
A1: Task 6 | B1: Follower Retention & Audience Loyalty
A4: Question 1- Visualize weekly follower growth trends by platform using line charts. | C4: Net Growth Per Platform | D4: Platform
C5: Weekdates | D5: Facebook | E5: Instagram | F5: Twitter | G5: YouTube
C6: 45446 | D6: 1002 | E6: 1047 | F6: 415 | G6: 1090
C7: 45453 | D7: 1283 | E7: 517 | F7: 186 | G7: 994
C8: 45460 | D8: 1382 | E8: 893 | F8: 1295 | G8: 337
C9: 45467 | D9: 1670 | E9: 629 | F9: 835 | G9: -123
C10: 45474 | D10: 64 | E10: -219 | F10: 1357 | G10: 91
C11: 45481 | D11: 309 | E11: 1672 | F11: 547 | G11: 514
C12: 45488 | D12: -164 | E12: 1845 | F12: 429 | G12: 160
C13: 45495 | D13: 961 | E13: 159 | F13: 1316 | G13: 317
C14: 45502 | D14: -318 | E14: 541 | F14: 1495 | G14: 475
C15: 45509 | D15: -197 | E15: 352 | F15: 328 | G15: 319
C16: 45516 | D16: 1334 | E16: 1325 | F16: 37 | G16: 1032
C17: 45523 | D17: 1058 | E17: 76 | F17: 1665 | G17: 190
... C55: 45789 | D55: 407 | E55: 1656 | F55: 269 | G55: -337
A60: Question 2- Identify the week with the highest net follower gain. | C60: Max Net Follower | D60: Weekday
C61: =MAX('Engagement Summary'!H2:H201) -> 1881 | D61: =INDEX('Engagement Summary'!A2:A201,MATCH(MAX('Engagement Summary'!H2:H201),'Engagement Summary'!H2:H201,0)) -> 45782
C63: Formula Used
C65: Max Net Follower | D65: =MAX('Engagement Summary'!H2:H201)
C66: Weekday | D66: =INDEX('Engagement Summary'!A2:A201,MATCH(MAX('Engagement Summary'!H2:H201),'Engagement Summary'!H2:H201,0))
A68: Question 3- Create a moving average chart to smooth out follower growth trends. | C68: Sum of Net Growth | D68: Platform
C69: Row Labels | D69: Facebook | E69: Instagram | F69: Twitter | G69: YouTube | H69: Facebook MA | I69: Instagram MA | J69: Twitter MA | K69: YouTube MA
C70: 45446 | D70: 1002 | E70: 1047 | F70: 415 | G70: 1090
C71: 45453 | D71: 1283 | E71: 517 | F71: 186 | G71: 994
C72: 45460 | D72: 1382 | E72: 893 | F72: 1295 | G72: 337
C73: 45467 | D73: 1670 | E73: 629 | F73: 835 | G73: -123 | H73: =AVERAGE(D70:D73) -> 1334.25 | I73: =AVERAGE(E70:E73) -> 771.5 | J73: =AVERAGE(F70:F73) -> 682.75 | K73: =AVERAGE(G70:G73) -> 574.5
C74: 45474 | D74: 64 | E74: -219 | F74: 1357 | G74: 91 | H74: =AVERAGE(D71:D74) -> 1099.75 | I74: =AVERAGE(E71:E74) -> 455 | J74: =AVERAGE(F71:F74) -> 918.25 | K74: =AVERAGE(G71:G74) -> 324.75
C75: 45481 | D75: 309 | E75: 1672 | F75: 547 | G75: 514 | H75: =AVERAGE(D72:D75) -> 856.25 | I75: =AVERAGE(E72:E75) -> 743.75 | J75: =AVERAGE(F72:F75) -> 1008.5 | K75: =AVERAGE(G72:G75) -> 204.75
C76: 45488 | D76: -164 | E76: 1845 | F76: 429 | G76: 160 | H76: =AVERAGE(D73:D76) -> 469.75 | I76: =AVERAGE(E73:E76) -> 981.75 | J76: =AVERAGE(F73:F76) -> 792 | K76: =AVERAGE(G73:G76) -> 160.5
C77: 45495 | D77: 961 | E77: 159 | F77: 1316 | G77: 317 | H77: =AVERAGE(D74:D77) -> 292.5 | I77: =AVERAGE(E74:E77) -> 864.25 | J77: =AVERAGE(F74:F77) -> 912.25 | K77: =AVERAGE(G74:G77) -> 270.5
C78: 45502 | D78: -318 | E78: 541 | F78: 1495 | G78: 475 | H78: =AVERAGE(D75:D78) -> 197 | I78: =AVERAGE(E75:E78) -> 1054.25 | J78: =AVERAGE(F75:F78) -> 946.75 | K78: =AVERAGE(G75:G78) -> 366.5
C79: 45509 | D79: -197 | E79: 352 | F79: 328 | G79: 319 | H79: =AVERAGE(D76:D79) -> 70.5 | I79: =AVERAGE(E76:E79) -> 724.25 | J79: =AVERAGE(F76:F79) -> 892 | K79: =AVERAGE(G76:G79) -> 317.75
C80: 45516 | D80: 1334 | E80: 1325 | F80: 37 | G80: 1032 | H80: =AVERAGE(D77:D80) -> 445 | I80: =AVERAGE(E77:E80) -> 594.25 | J80: =AVERAGE(F77:F80) -> 794 | K80: =AVERAGE(G77:G80) -> 535.75
C81: 45523 | D81: 1058 | E81: 76 | F81: 1665 | G81: 190 | H81: =AVERAGE(D78:D81) -> 469.25 | I81: =AVERAGE(E78:E81) -> 573.5 | J81: =AVERAGE(F78:F81) -> 881.25 | K81: =AVERAGE(G78:G81) -> 504
C82: 45530 | D82: 37 | E82: 1609 | F82: 1229 | G82: 28 | H82: =AVERAGE(D79:D82) -> 558 | I82: =AVERAGE(E79:E82) -> 840.5 | J82: =AVERAGE(F79:F82) -> 814.75 | K82: =AVERAGE(G79:G82) -> 392.25
C83: 45537 | D83: 1045 | E83: 1247 | F83: 197 | G83: 333 | H83: =AVERAGE(D80:D83) -> 868.5 | I83: =AVERAGE(E80:E83) -> 1064.25 | J83: =AVERAGE(F80:F83) -> 782 | K83: =AVERAGE(G80:G83) -> 395.75
C84: 45544 | D84: 1428 | E84: 1572 | F84: 260 | G84: 1100 | H84: =AVERAGE(D81:D84) -> 892 | I84: =AVERAGE(E81:E84) -> 1126 | J84: =AVERAGE(F81:F84) -> 837.75 | K84: =AVERAGE(G81:G84) -> 412.75
... C119: 45789 | D119: 407 | E119: 1656 | F119: 269 | G119: -337 | H119: =AVERAGE(D116:D119) -> 561 | I119: =AVERAGE(E116:E119) -> 1419.75 | J119: =AVERAGE(F116:F119) -> 871.5 | K119: =AVERAGE(G116:G119) -> 699.25
A122: Question 4- Determine the correlation between ad spend and follower growth using scatter plots and basic correlation calculation.
C141: =CORREL('Engagement Summary'!G2:G201,'Engagement Summary'!H2:H201) -> 0.085932222 | D141: The correlation value shows that there is weak correlation between Net Growth and Ad Spend
C143: Formula Used | D143: =CORREL('Engagement Summary'!G2:G201,'Engagement Summary'!H2:H201)
